-- Adminer 4.8.1 MySQL 10.4.32-MariaDB dump

SET NAMES utf8;
SET time_zone = '+00:00';
SET foreign_key_checks = 0;
SET sql_mode = 'NO_AUTO_VALUE_ON_ZERO';

SET NAMES utf8mb4;

DROP TABLE IF EXISTS `applications`;
CREATE TABLE `applications` (
  `id` bigint(20) unsigned NOT NULL AUTO_INCREMENT,
  `job_id` bigint(20) unsigned NOT NULL,
  `user_id` bigint(20) unsigned NOT NULL,
  `email` varchar(255) NOT NULL,
  `phone` varchar(255) NOT NULL,
  `resume` varchar(255) DEFAULT NULL,
  `created_at` timestamp NULL DEFAULT NULL,
  `updated_at` timestamp NULL DEFAULT NULL,
  PRIMARY KEY (`id`),
  KEY `applications_job_id_foreign` (`job_id`),
  KEY `applications_user_id_foreign` (`user_id`),
  CONSTRAINT `applications_job_id_foreign` FOREIGN KEY (`job_id`) REFERENCES `jobs` (`id`) ON DELETE CASCADE,
  CONSTRAINT `applications_user_id_foreign` FOREIGN KEY (`user_id`) REFERENCES `users` (`id`) ON DELETE CASCADE
) ENGINE=InnoDB DEFAULT CHARSET=utf8mb4 COLLATE=utf8mb4_unicode_ci;


DROP TABLE IF EXISTS `blogcategories`;
CREATE TABLE `blogcategories` (
  `id` int(11) NOT NULL AUTO_INCREMENT,
  `website` varchar(255) NOT NULL,
  `name` varchar(255) NOT NULL,
  `status` int(11) NOT NULL,
  `url` varchar(255) NOT NULL,
  `updated_at` varchar(255) NOT NULL,
  `created_at` varchar(255) NOT NULL,
  PRIMARY KEY (`id`)
) ENGINE=InnoDB DEFAULT CHARSET=utf8mb4 COLLATE=utf8mb4_general_ci;


DROP TABLE IF EXISTS `blogs`;
CREATE TABLE `blogs` (
  `id` int(11) NOT NULL AUTO_INCREMENT,
  `website` varchar(1000) DEFAULT NULL,
  `url` varchar(1000) DEFAULT NULL,
  `title` varchar(1000) NOT NULL,
  `category_id` int(11) DEFAULT NULL,
  `content` longtext NOT NULL,
  `image` varchar(500) NOT NULL,
  `updated_at` varchar(1000) DEFAULT NULL,
  `created_at` varchar(1000) DEFAULT NULL,
  PRIMARY KEY (`id`)
) ENGINE=MyISAM DEFAULT CHARSET=latin1 COLLATE=latin1_swedish_ci;


DROP TABLE IF EXISTS `categories`;
CREATE TABLE `categories` (
  `id` bigint(20) unsigned NOT NULL AUTO_INCREMENT,
  `name` varchar(255) NOT NULL,
  `slug` varchar(255) NOT NULL,
  `description` text DEFAULT NULL,
  `created_at` timestamp NULL DEFAULT NULL,
  `updated_at` timestamp NULL DEFAULT NULL,
  PRIMARY KEY (`id`)
) ENGINE=InnoDB DEFAULT CHARSET=utf8mb4 COLLATE=utf8mb4_unicode_ci;

INSERT INTO `categories` (`id`, `name`, `slug`, `description`, `created_at`, `updated_at`) VALUES
(1,	'Accounting',	'accounting',	NULL,	'2020-12-29 07:24:49',	'2024-02-17 01:48:03'),
(2,	'Interior Design',	'interior-design',	NULL,	'2020-12-29 07:56:24',	'2024-02-17 01:48:03'),
(3,	'Bank',	'bank',	NULL,	'2020-12-29 07:56:32',	'2024-02-17 01:48:03'),
(4,	'Content Writing',	'content-writing',	NULL,	'2020-12-29 07:56:39',	'2024-02-17 01:48:03'),
(5,	'Consultant',	'consultant',	NULL,	'2020-12-29 07:56:47',	'2024-02-17 01:48:03'),
(6,	'Engineering',	'engineering',	NULL,	'2020-12-29 07:56:54',	'2024-02-17 01:48:03'),
(7,	'Export Import',	'export-import',	NULL,	'2020-12-29 07:57:01',	'2024-02-17 01:48:03'),
(8,	'Merchandiser',	'merchandiser',	NULL,	'2020-12-29 07:57:13',	'2024-02-17 01:48:03'),
(9,	'Security',	'security',	NULL,	'2020-12-29 07:57:29',	'2024-02-17 01:48:03'),
(10,	'HR',	'hr',	NULL,	'2020-12-29 07:57:41',	'2024-02-17 01:48:03'),
(11,	'Hotel',	'hotel',	NULL,	'2020-12-29 07:57:53',	'2024-02-17 01:48:03'),
(12,	'Application Programming',	'application-programming',	NULL,	'2020-12-29 08:28:29',	'2024-02-17 01:48:03'),
(13,	'Client Server',	'client-server',	'Client Server',	'2020-12-29 08:28:36',	'2024-02-17 01:48:03'),
(14,	'DBA',	'dba',	NULL,	'2020-12-29 08:40:23',	'2024-02-17 01:48:03'),
(15,	'Ecommerce',	'ecommerce',	NULL,	'2020-12-29 08:40:28',	'2024-02-17 01:48:03'),
(16,	'ERP',	'erp',	NULL,	'2020-12-29 08:40:32',	'2024-02-17 01:48:04'),
(17,	'VLSI',	'vlsi',	NULL,	'2020-12-29 08:40:36',	'2024-02-17 01:48:04'),
(18,	'Mainframe',	'mainframe',	NULL,	'2020-12-29 08:40:41',	'2024-02-17 01:48:04'),
(19,	'Middleware',	'middleware',	NULL,	'2020-12-29 08:40:46',	'2024-02-17 01:48:04'),
(20,	'Mobile',	'mobile',	NULL,	'2020-12-29 08:40:51',	'2024-02-17 01:48:04'),
(21,	'Network administrator',	'network-administrator',	NULL,	'2020-12-29 08:40:56',	'2024-02-17 01:48:04'),
(22,	'IT',	'it',	NULL,	'2020-12-29 08:41:01',	'2024-02-17 01:48:04'),
(23,	'Testing',	'testing',	NULL,	'2020-12-29 08:41:06',	'2024-02-17 01:48:04'),
(24,	'System Programming',	'system-programming',	NULL,	'2020-12-29 09:04:34',	'2024-02-17 01:48:04'),
(25,	'EDP',	'edp',	NULL,	'2020-12-29 09:04:39',	'2024-02-17 01:48:04'),
(26,	'Telecom Software',	'telecom-software',	NULL,	'2020-12-29 09:04:48',	'2024-02-17 01:48:04'),
(27,	'Telecom',	'telecom',	NULL,	'2020-12-29 09:04:52',	'2024-02-17 01:48:04'),
(28,	'BPO',	'bpo',	NULL,	'2020-12-29 09:04:55',	'2024-02-17 01:48:04'),
(29,	'Legal',	'legal',	NULL,	'2020-12-29 09:04:59',	'2024-02-17 01:48:04'),
(30,	'Marketing',	'marketing',	NULL,	'2020-12-29 09:05:03',	'2024-02-17 01:48:04'),
(31,	'Packaging',	'packaging',	NULL,	'2020-12-29 09:05:06',	'2024-02-17 01:48:04'),
(32,	'Pharma',	'pharma',	NULL,	'2020-12-29 09:05:09',	'2024-02-17 01:48:04'),
(33,	'Maintenance',	'maintenance',	NULL,	'2020-12-29 09:05:13',	'2024-02-17 01:48:04'),
(34,	'Logistics',	'logistics',	NULL,	'2020-12-29 09:05:16',	'2024-02-17 01:48:04'),
(35,	'Sales',	'sales',	NULL,	'2020-12-29 09:05:19',	'2024-02-17 01:48:04'),
(36,	'Secretary',	'secretary',	NULL,	'2020-12-29 09:05:23',	'2024-02-17 01:48:04'),
(37,	'Corporate Planning',	'corporate-planning',	NULL,	'2020-12-29 09:05:29',	'2024-02-17 01:48:04'),
(38,	'Site Engineering',	'site-engineering',	NULL,	'2020-12-29 09:05:32',	'2024-02-17 01:46:54'),
(39,	'Film',	'film',	NULL,	'2020-12-29 09:05:36',	'2024-02-17 01:48:04'),
(40,	'Teacher',	'teacher',	NULL,	'2020-12-29 09:05:40',	'2024-02-17 01:48:04'),
(41,	'Airline',	'airline',	NULL,	'2020-12-29 09:05:45',	'2024-02-17 01:48:04'),
(42,	'Graphic Designer',	'graphic-designer',	NULL,	'2020-12-29 09:05:49',	'2024-02-17 01:48:04'),
(43,	'Shipping',	'shipping',	NULL,	'2020-12-29 09:05:52',	'2024-02-17 01:48:05'),
(44,	'Analytics',	'analytics',	'Analytics',	'2020-12-29 09:05:57',	'2024-02-17 01:48:05'),
(45,	'Business Intelligence',	'business-intelligence',	'Business Intelligence',	'2020-12-29 09:06:01',	'2024-02-17 01:48:05');

DROP TABLE IF EXISTS `cities`;
CREATE TABLE `cities` (
  `id` bigint(20) unsigned NOT NULL AUTO_INCREMENT,
  `name` varchar(255) NOT NULL,
  `country_id` bigint(20) unsigned NOT NULL,
  `state_id` bigint(20) unsigned NOT NULL,
  `status` tinyint(1) NOT NULL DEFAULT 1,
  PRIMARY KEY (`id`),
  KEY `cities_state_id_foreign` (`state_id`),
  CONSTRAINT `cities_state_id_foreign` FOREIGN KEY (`state_id`) REFERENCES `states` (`id`) ON DELETE CASCADE
) ENGINE=InnoDB DEFAULT CHARSET=utf8mb4 COLLATE=utf8mb4_unicode_ci;

INSERT INTO `cities` (`id`, `name`, `country_id`, `state_id`, `status`) VALUES
(1,	'Kolhapur',	1,	1,	1),
(2,	'Port Blair',	1,	2,	1),
(3,	'Adilabad',	1,	3,	1),
(4,	'Adoni',	1,	3,	1),
(5,	'Amadalavalasa',	1,	3,	1),
(6,	'Amalapuram',	1,	3,	1),
(7,	'Anakapalle',	1,	3,	1),
(8,	'Anantapur',	1,	3,	1),
(9,	'Badepalle',	1,	3,	1),
(10,	'Banganapalle',	1,	3,	1),
(11,	'Bapatla',	1,	3,	1),
(12,	'Bellampalle',	1,	3,	1),
(13,	'Bethamcherla',	1,	3,	1),
(14,	'Bhadrachalam',	1,	3,	1),
(15,	'Bhainsa',	1,	3,	1),
(16,	'Bheemunipatnam',	1,	3,	1),
(17,	'Bhimavaram',	1,	3,	1),
(18,	'Bhongir',	1,	3,	1),
(19,	'Bobbili',	1,	3,	1),
(20,	'Bodhan',	1,	3,	1),
(21,	'Chilakaluripet',	1,	3,	1),
(22,	'Chirala',	1,	3,	1),
(23,	'Chittoor',	1,	3,	1),
(24,	'Cuddapah',	1,	3,	1),
(25,	'Devarakonda',	1,	3,	1),
(26,	'Dharmavaram',	1,	3,	1),
(27,	'Eluru',	1,	3,	1),
(28,	'Farooqnagar',	1,	3,	1),
(29,	'Gadwal',	1,	3,	1),
(30,	'Gooty',	1,	3,	1),
(31,	'Gudivada',	1,	3,	1),
(32,	'Gudur',	1,	3,	1),
(33,	'Guntakal',	1,	3,	1),
(34,	'Guntur',	1,	3,	1),
(35,	'Hanuman Junction',	1,	3,	1),
(36,	'Hindupur',	1,	3,	1),
(37,	'Hyderabad',	1,	3,	1),
(38,	'Ichchapuram',	1,	3,	1),
(39,	'Jaggaiahpet',	1,	3,	1),
(40,	'Jagtial',	1,	3,	1),
(41,	'Jammalamadugu',	1,	3,	1),
(42,	'Jangaon',	1,	3,	1),
(43,	'Kadapa',	1,	3,	1),
(44,	'Kadiri',	1,	3,	1),
(45,	'Kagaznagar',	1,	3,	1),
(46,	'Kakinada',	1,	3,	1),
(47,	'Kalyandurg',	1,	3,	1),
(48,	'Kamareddy',	1,	3,	1),
(49,	'Kandukur',	1,	3,	1),
(50,	'Karimnagar',	1,	3,	1),
(51,	'Kavali',	1,	3,	1),
(52,	'Khammam',	1,	3,	1),
(53,	'Koratla',	1,	3,	1),
(54,	'Kothagudem',	1,	3,	1),
(55,	'Kothapeta',	1,	3,	1),
(56,	'Kovvur',	1,	3,	1),
(57,	'Kurnool',	1,	3,	1),
(58,	'Kyathampalle',	1,	3,	1),
(59,	'Macherla',	1,	3,	1),
(60,	'Machilipatnam',	1,	3,	1),
(61,	'Madanapalle',	1,	3,	1),
(62,	'Mahbubnagar',	1,	3,	1),
(63,	'Mancherial',	1,	3,	1),
(64,	'Mandamarri',	1,	3,	1),
(65,	'Mandapeta',	1,	3,	1),
(66,	'Manuguru',	1,	3,	1),
(67,	'Markapur',	1,	3,	1),
(68,	'Medak',	1,	3,	1),
(69,	'Miryalaguda',	1,	3,	1),
(70,	'Mogalthur',	1,	3,	1),
(71,	'Nagari',	1,	3,	1),
(72,	'Nagarkurnool',	1,	3,	1),
(73,	'Nandyal',	1,	3,	1),
(74,	'Narasapur',	1,	3,	1),
(75,	'Narasaraopet',	1,	3,	1),
(76,	'Narayanpet',	1,	3,	1),
(77,	'Narsipatnam',	1,	3,	1),
(78,	'Nellore',	1,	3,	1),
(79,	'Nidadavole',	1,	3,	1),
(80,	'Nirmal',	1,	3,	1),
(81,	'Nizamabad',	1,	3,	1),
(82,	'Nuzvid',	1,	3,	1),
(83,	'Ongole',	1,	3,	1),
(84,	'Palacole',	1,	3,	1),
(85,	'Palasa Kasibugga',	1,	3,	1),
(86,	'Palwancha',	1,	3,	1),
(87,	'Parvathipuram',	1,	3,	1),
(88,	'Pedana',	1,	3,	1),
(89,	'Peddapuram',	1,	3,	1),
(90,	'Pithapuram',	1,	3,	1),
(91,	'Pondur',	1,	3,	1),
(92,	'Ponnur',	1,	3,	1),
(93,	'Proddatur',	1,	3,	1),
(94,	'Punganur',	1,	3,	1),
(95,	'Puttur',	1,	3,	1),
(96,	'Rajahmundry',	1,	3,	1),
(97,	'Rajam',	1,	3,	1),
(98,	'Ramachandrapuram',	1,	3,	1),
(99,	'Ramagundam',	1,	3,	1),
(100,	'Rayachoti',	1,	3,	1),
(101,	'Rayadurg',	1,	3,	1),
(102,	'Renigunta',	1,	3,	1),
(103,	'Repalle',	1,	3,	1),
(104,	'Sadasivpet',	1,	3,	1),
(105,	'Salur',	1,	3,	1),
(106,	'Samalkot',	1,	3,	1),
(107,	'Sangareddy',	1,	3,	1),
(108,	'Sattenapalle',	1,	3,	1),
(109,	'Siddipet',	1,	3,	1),
(110,	'Singapur',	1,	3,	1),
(111,	'Sircilla',	1,	3,	1),
(112,	'Srikakulam',	1,	3,	1),
(113,	'Srikalahasti',	1,	3,	1),
(114,	'Suryapet',	1,	3,	1),
(115,	'Tadepalligudem',	1,	3,	1),
(116,	'Tadpatri',	1,	3,	1),
(117,	'Tandur',	1,	3,	1),
(118,	'Tanuku',	1,	3,	1),
(119,	'Tenali',	1,	3,	1),
(120,	'Tirupati',	1,	3,	1),
(121,	'Tuni',	1,	3,	1),
(122,	'Uravakonda',	1,	3,	1),
(123,	'Venkatagiri',	1,	3,	1),
(124,	'Vicarabad',	1,	3,	1),
(125,	'Vijayawada',	1,	3,	1),
(126,	'Vinukonda',	1,	3,	1),
(127,	'Visakhapatnam',	1,	3,	1),
(128,	'Vizianagaram',	1,	3,	1),
(129,	'Wanaparthy',	1,	3,	1),
(130,	'Warangal',	1,	3,	1),
(131,	'Yellandu',	1,	3,	1),
(132,	'Yemmiganur',	1,	3,	1),
(133,	'Yerraguntla',	1,	3,	1),
(134,	'Zahirabad',	1,	3,	1),
(135,	'Rajampet',	1,	3,	1),
(136,	'Along',	1,	4,	1),
(137,	'Bomdila',	1,	4,	1),
(138,	'Itanagar',	1,	4,	1),
(139,	'Naharlagun',	1,	4,	1),
(140,	'Pasighat',	1,	4,	1),
(141,	'Abhayapuri',	1,	5,	1),
(142,	'Amguri',	1,	5,	1),
(143,	'Anandnagaar',	1,	5,	1),
(144,	'Barpeta',	1,	5,	1),
(145,	'Barpeta Road',	1,	5,	1),
(146,	'Bilasipara',	1,	5,	1),
(147,	'Bongaigaon',	1,	5,	1),
(148,	'Dhekiajuli',	1,	5,	1),
(149,	'Dhubri',	1,	5,	1),
(150,	'Dibrugarh',	1,	5,	1),
(151,	'Digboi',	1,	5,	1),
(152,	'Diphu',	1,	5,	1),
(153,	'Dispur',	1,	5,	1),
(154,	'Gauripur',	1,	5,	1),
(155,	'Goalpara',	1,	5,	1),
(156,	'Golaghat',	1,	5,	1),
(157,	'Guwahati',	1,	5,	1),
(158,	'Haflong',	1,	5,	1),
(159,	'Hailakandi',	1,	5,	1),
(160,	'Hojai',	1,	5,	1),
(161,	'Jorhat',	1,	5,	1),
(162,	'Karimganj',	1,	5,	1),
(163,	'Kokrajhar',	1,	5,	1),
(164,	'Lanka',	1,	5,	1),
(165,	'Lumding',	1,	5,	1),
(166,	'Mangaldoi',	1,	5,	1),
(167,	'Mankachar',	1,	5,	1),
(168,	'Margherita',	1,	5,	1),
(169,	'Mariani',	1,	5,	1),
(170,	'Marigaon',	1,	5,	1),
(171,	'Nagaon',	1,	5,	1),
(172,	'Nalbari',	1,	5,	1),
(173,	'North Lakhimpur',	1,	5,	1),
(174,	'Rangia',	1,	5,	1),
(175,	'Sibsagar',	1,	5,	1),
(176,	'Silapathar',	1,	5,	1),
(177,	'Silchar',	1,	5,	1),
(178,	'Tezpur',	1,	5,	1),
(179,	'Tinsukia',	1,	5,	1),
(180,	'Amarpur',	1,	6,	1),
(181,	'Araria',	1,	6,	1),
(182,	'Areraj',	1,	6,	1),
(183,	'Arrah',	1,	6,	1),
(184,	'Asarganj',	1,	6,	1),
(185,	'Aurangabad',	1,	6,	1),
(186,	'Bagaha',	1,	6,	1),
(187,	'Bahadurganj',	1,	6,	1),
(188,	'Bairgania',	1,	6,	1),
(189,	'Bakhtiarpur',	1,	6,	1),
(190,	'Banka',	1,	6,	1),
(191,	'Banmankhi Bazar',	1,	6,	1),
(192,	'Barahiya',	1,	6,	1),
(193,	'Barauli',	1,	6,	1),
(194,	'Barbigha',	1,	6,	1),
(195,	'Barh',	1,	6,	1),
(196,	'Begusarai',	1,	6,	1),
(197,	'Behea',	1,	6,	1),
(198,	'Bettiah',	1,	6,	1),
(199,	'Bhabua',	1,	6,	1),
(200,	'Bhagalpur',	1,	6,	1),
(201,	'Bihar Sharif',	1,	6,	1),
(202,	'Bikramganj',	1,	6,	1),
(203,	'Bodh Gaya',	1,	6,	1),
(204,	'Buxar',	1,	6,	1),
(205,	'Chandan Bara',	1,	6,	1),
(206,	'Chanpatia',	1,	6,	1),
(207,	'Chhapra',	1,	6,	1),
(208,	'Colgong',	1,	6,	1),
(209,	'Dalsinghsarai',	1,	6,	1),
(210,	'Darbhanga',	1,	6,	1),
(211,	'Daudnagar',	1,	6,	1),
(212,	'Dehri-on-Sone',	1,	6,	1),
(213,	'Dhaka',	1,	6,	1),
(214,	'Dighwara',	1,	6,	1),
(215,	'Dumraon',	1,	6,	1),
(216,	'Fatwah',	1,	6,	1),
(217,	'Forbesganj',	1,	6,	1),
(218,	'Gaya',	1,	6,	1),
(219,	'Gogri Jamalpur',	1,	6,	1),
(220,	'Gopalganj',	1,	6,	1),
(221,	'Hajipur',	1,	6,	1),
(222,	'Hilsa',	1,	6,	1),
(223,	'Hisua',	1,	6,	1),
(224,	'Islampur',	1,	6,	1),
(225,	'Jagdispur',	1,	6,	1),
(226,	'Jamalpur',	1,	6,	1),
(227,	'Jamui',	1,	6,	1),
(228,	'Jehanabad',	1,	6,	1),
(229,	'Jhajha',	1,	6,	1),
(230,	'Jhanjharpur',	1,	6,	1),
(231,	'Jogabani',	1,	6,	1),
(232,	'Kanti',	1,	6,	1),
(233,	'Katihar',	1,	6,	1),
(234,	'Khagaria',	1,	6,	1),
(235,	'Kharagpur',	1,	6,	1),
(236,	'Kishanganj',	1,	6,	1),
(237,	'Lakhisarai',	1,	6,	1),
(238,	'Lalganj',	1,	6,	1),
(239,	'Madhepura',	1,	6,	1),
(240,	'Madhubani',	1,	6,	1),
(241,	'Maharajganj',	1,	6,	1),
(242,	'Mahnar Bazar',	1,	6,	1),
(243,	'Makhdumpur',	1,	6,	1),
(244,	'Maner',	1,	6,	1),
(245,	'Manihari',	1,	6,	1),
(246,	'Marhaura',	1,	6,	1),
(247,	'Masaurhi',	1,	6,	1),
(248,	'Mirganj',	1,	6,	1),
(249,	'Mokameh',	1,	6,	1),
(250,	'Motihari',	1,	6,	1),
(251,	'Motipur',	1,	6,	1),
(252,	'Munger',	1,	6,	1),
(253,	'Murliganj',	1,	6,	1),
(254,	'Muzaffarpur',	1,	6,	1),
(255,	'Narkatiaganj',	1,	6,	1),
(256,	'Naugachhia',	1,	6,	1),
(257,	'Nawada',	1,	6,	1),
(258,	'Nokha',	1,	6,	1),
(259,	'Patna',	1,	6,	1),
(260,	'Piro',	1,	6,	1),
(261,	'Purnia',	1,	6,	1),
(262,	'Rafiganj',	1,	6,	1),
(263,	'Rajgir',	1,	6,	1),
(264,	'Ramnagar',	1,	6,	1),
(265,	'Raxaul Bazar',	1,	6,	1),
(266,	'Revelganj',	1,	6,	1),
(267,	'Rosera',	1,	6,	1),
(268,	'Saharsa',	1,	6,	1),
(269,	'Samastipur',	1,	6,	1),
(270,	'Sasaram',	1,	6,	1),
(271,	'Sheikhpura',	1,	6,	1),
(272,	'Sheohar',	1,	6,	1),
(273,	'Sherghati',	1,	6,	1),
(274,	'Silao',	1,	6,	1),
(275,	'Sitamarhi',	1,	6,	1),
(276,	'Siwan',	1,	6,	1),
(277,	'Sonepur',	1,	6,	1),
(278,	'Sugauli',	1,	6,	1),
(279,	'Sultanganj',	1,	6,	1),
(280,	'Supaul',	1,	6,	1),
(281,	'Warisaliganj',	1,	6,	1),
(282,	'Ahiwara',	1,	7,	1),
(283,	'Akaltara',	1,	7,	1),
(284,	'Ambagarh Chowki',	1,	7,	1),
(285,	'Ambikapur',	1,	7,	1),
(286,	'Arang',	1,	7,	1),
(287,	'Bade Bacheli',	1,	7,	1),
(288,	'Balod',	1,	7,	1),
(289,	'Baloda Bazar',	1,	7,	1),
(290,	'Bemetra',	1,	7,	1),
(291,	'Bhatapara',	1,	7,	1),
(292,	'Bilaspur',	1,	7,	1),
(293,	'Birgaon',	1,	7,	1),
(294,	'Champa',	1,	7,	1),
(295,	'Chirmiri',	1,	7,	1),
(296,	'Dalli-Rajhara',	1,	7,	1),
(297,	'Dhamtari',	1,	7,	1),
(298,	'Dipka',	1,	7,	1),
(299,	'Dongargarh',	1,	7,	1),
(300,	'Durg-Bhilai Nagar',	1,	7,	1),
(301,	'Gobranawapara',	1,	7,	1),
(302,	'Jagdalpur',	1,	7,	1),
(303,	'Janjgir',	1,	7,	1),
(304,	'Jashpurnagar',	1,	7,	1),
(305,	'Kanker',	1,	7,	1),
(306,	'Kawardha',	1,	7,	1),
(307,	'Kondagaon',	1,	7,	1),
(308,	'Korba',	1,	7,	1),
(309,	'Mahasamund',	1,	7,	1),
(310,	'Mahendragarh',	1,	7,	1),
(311,	'Mungeli',	1,	7,	1),
(312,	'Naila Janjgir',	1,	7,	1),
(313,	'Raigarh',	1,	7,	1),
(314,	'Raipur',	1,	7,	1),
(315,	'Rajnandgaon',	1,	7,	1),
(316,	'Sakti',	1,	7,	1),
(317,	'Tilda Newra',	1,	7,	1),
(318,	'Amli',	1,	8,	1),
(319,	'Silvassa',	1,	8,	1),
(320,	'Daman and Diu',	1,	9,	1),
(321,	'Asola',	1,	10,	1),
(322,	'Delhi',	1,	10,	1),
(323,	'Aldona',	1,	11,	1),
(324,	'Curchorem Cacora',	1,	11,	1),
(325,	'Madgaon',	1,	11,	1),
(326,	'Mapusa',	1,	11,	1),
(327,	'Margao',	1,	11,	1),
(328,	'Marmagao',	1,	11,	1),
(329,	'Panaji',	1,	11,	1),
(330,	'Ahmedabad',	1,	12,	1),
(331,	'Amreli',	1,	12,	1),
(332,	'Anand',	1,	12,	1),
(333,	'Ankleshwar',	1,	12,	1),
(334,	'Bharuch',	1,	12,	1),
(335,	'Bhavnagar',	1,	12,	1),
(336,	'Bhuj',	1,	12,	1),
(337,	'Cambay',	1,	12,	1),
(338,	'Dahod',	1,	12,	1),
(339,	'Deesa',	1,	12,	1),
(340,	'Dharampur',	1,	12,	1),
(341,	'Dholka',	1,	12,	1),
(342,	'Gandhinagar',	1,	12,	1),
(343,	'Godhra',	1,	12,	1),
(344,	'Himatnagar',	1,	12,	1),
(345,	'Idar',	1,	12,	1),
(346,	'Jamnagar',	1,	12,	1),
(347,	'Junagadh',	1,	12,	1),
(348,	'Kadi',	1,	12,	1),
(349,	'Kalavad',	1,	12,	1),
(350,	'Kalol',	1,	12,	1),
(351,	'Kapadvanj',	1,	12,	1),
(352,	'Karjan',	1,	12,	1),
(353,	'Keshod',	1,	12,	1),
(354,	'Khambhalia',	1,	12,	1),
(355,	'Khambhat',	1,	12,	1),
(356,	'Kheda',	1,	12,	1),
(357,	'Khedbrahma',	1,	12,	1),
(358,	'Kheralu',	1,	12,	1),
(359,	'Kodinar',	1,	12,	1),
(360,	'Lathi',	1,	12,	1),
(361,	'Limbdi',	1,	12,	1),
(362,	'Lunawada',	1,	12,	1),
(363,	'Mahesana',	1,	12,	1),
(364,	'Mahuva',	1,	12,	1),
(365,	'Manavadar',	1,	12,	1),
(366,	'Mandvi',	1,	12,	1),
(367,	'Mangrol',	1,	12,	1),
(368,	'Mansa',	1,	12,	1),
(369,	'Mehmedabad',	1,	12,	1),
(370,	'Modasa',	1,	12,	1),
(371,	'Morvi',	1,	12,	1),
(372,	'Nadiad',	1,	12,	1),
(373,	'Navsari',	1,	12,	1),
(374,	'Padra',	1,	12,	1),
(375,	'Palanpur',	1,	12,	1),
(376,	'Palitana',	1,	12,	1),
(377,	'Pardi',	1,	12,	1),
(378,	'Patan',	1,	12,	1),
(379,	'Petlad',	1,	12,	1),
(380,	'Porbandar',	1,	12,	1),
(381,	'Radhanpur',	1,	12,	1),
(382,	'Rajkot',	1,	12,	1),
(383,	'Rajpipla',	1,	12,	1),
(384,	'Rajula',	1,	12,	1),
(385,	'Ranavav',	1,	12,	1),
(386,	'Rapar',	1,	12,	1),
(387,	'Salaya',	1,	12,	1),
(388,	'Sanand',	1,	12,	1),
(389,	'Savarkundla',	1,	12,	1),
(390,	'Sidhpur',	1,	12,	1),
(391,	'Sihor',	1,	12,	1),
(392,	'Songadh',	1,	12,	1),
(393,	'Surat',	1,	12,	1),
(394,	'Talaja',	1,	12,	1),
(395,	'Thangadh',	1,	12,	1),
(396,	'Tharad',	1,	12,	1),
(397,	'Umbergaon',	1,	12,	1),
(398,	'Umreth',	1,	12,	1),
(399,	'Una',	1,	12,	1),
(400,	'Unjha',	1,	12,	1),
(401,	'Upleta',	1,	12,	1),
(402,	'Vadnagar',	1,	12,	1),
(403,	'Vadodara',	1,	12,	1),
(404,	'Valsad',	1,	12,	1),
(405,	'Vapi',	1,	12,	1),
(406,	'Veraval',	1,	12,	1),
(407,	'Vijapur',	1,	12,	1),
(408,	'Viramgam',	1,	12,	1),
(409,	'Visnagar',	1,	12,	1),
(410,	'Vyara',	1,	12,	1),
(411,	'Wadhwan',	1,	12,	1),
(412,	'Wankaner',	1,	12,	1),
(413,	'Adalaj',	1,	12,	1),
(414,	'Adityana',	1,	12,	1),
(415,	'Alang',	1,	12,	1),
(416,	'Ambaji',	1,	12,	1),
(417,	'Ambaliyasan',	1,	12,	1),
(418,	'Andada',	1,	12,	1),
(419,	'Anjar',	1,	12,	1),
(420,	'Anklav',	1,	12,	1),
(421,	'Antaliya',	1,	12,	1),
(422,	'Arambhada',	1,	12,	1),
(423,	'Atul',	1,	12,	1),
(424,	'Ballabhgarh',	1,	13,	1),
(425,	'Ambala',	1,	13,	1),
(426,	'Asankhurd',	1,	13,	1),
(427,	'Assandh',	1,	13,	1),
(428,	'Ateli',	1,	13,	1),
(429,	'Babiyal',	1,	13,	1),
(430,	'Bahadurgarh',	1,	13,	1),
(431,	'Barwala',	1,	13,	1),
(432,	'Bhiwani',	1,	13,	1),
(433,	'Charkhi Dadri',	1,	13,	1),
(434,	'Cheeka',	1,	13,	1),
(435,	'Ellenabad 2',	1,	13,	1),
(436,	'Faridabad',	1,	13,	1),
(437,	'Fatehabad',	1,	13,	1),
(438,	'Ganaur',	1,	13,	1),
(439,	'Gharaunda',	1,	13,	1),
(440,	'Gohana',	1,	13,	1),
(441,	'Gurgaon',	1,	13,	1),
(442,	'Haibat(Yamuna Nagar)',	1,	13,	1),
(443,	'Hansi',	1,	13,	1),
(444,	'Hisar',	1,	13,	1),
(445,	'Hodal',	1,	13,	1),
(446,	'Jhajjar',	1,	13,	1),
(447,	'Jind',	1,	13,	1),
(448,	'Kaithal',	1,	13,	1),
(449,	'Kalan Wali',	1,	13,	1),
(450,	'Kalka',	1,	13,	1),
(451,	'Karnal',	1,	13,	1),
(452,	'Ladwa',	1,	13,	1),
(453,	'Mahendragarh',	1,	13,	1),
(454,	'Mandi Dabwali',	1,	13,	1),
(455,	'Narnaul',	1,	13,	1),
(456,	'Narwana',	1,	13,	1),
(457,	'Palwal',	1,	13,	1),
(458,	'Panchkula',	1,	13,	1),
(459,	'Panipat',	1,	13,	1),
(460,	'Pehowa',	1,	13,	1),
(461,	'Pinjore',	1,	13,	1),
(462,	'Rania',	1,	13,	1),
(463,	'Ratia',	1,	13,	1),
(464,	'Rewari',	1,	13,	1),
(465,	'Rohtak',	1,	13,	1),
(466,	'Safidon',	1,	13,	1),
(467,	'Samalkha',	1,	13,	1),
(468,	'Shahbad',	1,	13,	1),
(469,	'Sirsa',	1,	13,	1),
(470,	'Sohna',	1,	13,	1),
(471,	'Sonipat',	1,	13,	1),
(472,	'Taraori',	1,	13,	1),
(473,	'Thanesar',	1,	13,	1),
(474,	'Tohana',	1,	13,	1),
(475,	'Yamunanagar',	1,	13,	1),
(476,	'Arki',	1,	14,	1),
(477,	'Baddi',	1,	14,	1),
(478,	'Bilaspur',	1,	14,	1),
(479,	'Chamba',	1,	14,	1),
(480,	'Dalhousie',	1,	14,	1),
(481,	'Dharamsala',	1,	14,	1),
(482,	'Hamirpur',	1,	14,	1),
(483,	'Mandi',	1,	14,	1),
(484,	'Nahan',	1,	14,	1),
(485,	'Shimla',	1,	14,	1),
(486,	'Solan',	1,	14,	1),
(487,	'Sundarnagar',	1,	14,	1),
(488,	'Jammu',	1,	15,	1),
(489,	'Achabbal',	1,	15,	1),
(490,	'Akhnoor',	1,	15,	1),
(491,	'Anantnag',	1,	15,	1),
(492,	'Arnia',	1,	15,	1),
(493,	'Awantipora',	1,	15,	1),
(494,	'Bandipore',	1,	15,	1),
(495,	'Baramula',	1,	15,	1),
(496,	'Kathua',	1,	15,	1),
(497,	'Leh',	1,	15,	1),
(498,	'Punch',	1,	15,	1),
(499,	'Rajauri',	1,	15,	1),
(500,	'Sopore',	1,	15,	1),
(501,	'Srinagar',	1,	15,	1),
(502,	'Udhampur',	1,	15,	1),
(503,	'Amlabad',	1,	16,	1),
(504,	'Ara',	1,	16,	1),
(505,	'Barughutu',	1,	16,	1),
(506,	'Bokaro Steel City',	1,	16,	1),
(507,	'Chaibasa',	1,	16,	1),
(508,	'Chakradharpur',	1,	16,	1),
(509,	'Chandrapura',	1,	16,	1),
(510,	'Chatra',	1,	16,	1),
(511,	'Chirkunda',	1,	16,	1),
(512,	'Churi',	1,	16,	1),
(513,	'Daltonganj',	1,	16,	1),
(514,	'Deoghar',	1,	16,	1),
(515,	'Dhanbad',	1,	16,	1),
(516,	'Dumka',	1,	16,	1),
(517,	'Garhwa',	1,	16,	1),
(518,	'Ghatshila',	1,	16,	1),
(519,	'Giridih',	1,	16,	1),
(520,	'Godda',	1,	16,	1),
(521,	'Gomoh',	1,	16,	1),
(522,	'Gumia',	1,	16,	1),
(523,	'Gumla',	1,	16,	1),
(524,	'Hazaribag',	1,	16,	1),
(525,	'Hussainabad',	1,	16,	1),
(526,	'Jamshedpur',	1,	16,	1),
(527,	'Jamtara',	1,	16,	1),
(528,	'Jhumri Tilaiya',	1,	16,	1),
(529,	'Khunti',	1,	16,	1),
(530,	'Lohardaga',	1,	16,	1),
(531,	'Madhupur',	1,	16,	1),
(532,	'Mihijam',	1,	16,	1),
(533,	'Musabani',	1,	16,	1),
(534,	'Pakaur',	1,	16,	1),
(535,	'Patratu',	1,	16,	1),
(536,	'Phusro',	1,	16,	1),
(537,	'Ramngarh',	1,	16,	1),
(538,	'Ranchi',	1,	16,	1),
(539,	'Sahibganj',	1,	16,	1),
(540,	'Saunda',	1,	16,	1),
(541,	'Simdega',	1,	16,	1),
(542,	'Tenu Dam-cum- Kathhara',	1,	16,	1),
(543,	'Arasikere',	1,	17,	1),
(544,	'Bangalore',	1,	17,	1),
(545,	'Belgaum',	1,	17,	1),
(546,	'Bellary',	1,	17,	1),
(547,	'Chamrajnagar',	1,	17,	1),
(548,	'Chikkaballapur',	1,	17,	1),
(549,	'Chintamani',	1,	17,	1),
(550,	'Chitradurga',	1,	17,	1),
(551,	'Gulbarga',	1,	17,	1),
(552,	'Gundlupet',	1,	17,	1),
(553,	'Hassan',	1,	17,	1),
(554,	'Hospet',	1,	17,	1),
(555,	'Hubli',	1,	17,	1),
(556,	'Karkala',	1,	17,	1),
(557,	'Karwar',	1,	17,	1),
(558,	'Kolar',	1,	17,	1),
(559,	'Kota',	1,	17,	1),
(560,	'Lakshmeshwar',	1,	17,	1),
(561,	'Lingsugur',	1,	17,	1),
(562,	'Maddur',	1,	17,	1),
(563,	'Madhugiri',	1,	17,	1),
(564,	'Madikeri',	1,	17,	1),
(565,	'Magadi',	1,	17,	1),
(566,	'Mahalingpur',	1,	17,	1),
(567,	'Malavalli',	1,	17,	1),
(568,	'Malur',	1,	17,	1),
(569,	'Mandya',	1,	17,	1),
(570,	'Mangalore',	1,	17,	1),
(571,	'Manvi',	1,	17,	1),
(572,	'Mudalgi',	1,	17,	1),
(573,	'Mudbidri',	1,	17,	1),
(574,	'Muddebihal',	1,	17,	1),
(575,	'Mudhol',	1,	17,	1),
(576,	'Mulbagal',	1,	17,	1),
(577,	'Mundargi',	1,	17,	1),
(578,	'Mysore',	1,	17,	1),
(579,	'Nanjangud',	1,	17,	1),
(580,	'Pavagada',	1,	17,	1),
(581,	'Puttur',	1,	17,	1),
(582,	'Rabkavi Banhatti',	1,	17,	1),
(583,	'Raichur',	1,	17,	1),
(584,	'Ramanagaram',	1,	17,	1),
(585,	'Ramdurg',	1,	17,	1),
(586,	'Ranibennur',	1,	17,	1),
(587,	'Robertson Pet',	1,	17,	1),
(588,	'Ron',	1,	17,	1),
(589,	'Sadalgi',	1,	17,	1),
(590,	'Sagar',	1,	17,	1),
(591,	'Sakleshpur',	1,	17,	1),
(592,	'Sandur',	1,	17,	1),
(593,	'Sankeshwar',	1,	17,	1),
(594,	'Saundatti-Yellamma',	1,	17,	1),
(595,	'Savanur',	1,	17,	1),
(596,	'Sedam',	1,	17,	1),
(597,	'Shahabad',	1,	17,	1),
(598,	'Shahpur',	1,	17,	1),
(599,	'Shiggaon',	1,	17,	1),
(600,	'Shikapur',	1,	17,	1),
(601,	'Shimoga',	1,	17,	1),
(602,	'Shorapur',	1,	17,	1),
(603,	'Shrirangapattana',	1,	17,	1),
(604,	'Sidlaghatta',	1,	17,	1),
(605,	'Sindgi',	1,	17,	1),
(606,	'Sindhnur',	1,	17,	1),
(607,	'Sira',	1,	17,	1),
(608,	'Sirsi',	1,	17,	1),
(609,	'Siruguppa',	1,	17,	1),
(610,	'Srinivaspur',	1,	17,	1),
(611,	'Talikota',	1,	17,	1),
(612,	'Tarikere',	1,	17,	1),
(613,	'Tekkalakota',	1,	17,	1),
(614,	'Terdal',	1,	17,	1),
(615,	'Tiptur',	1,	17,	1),
(616,	'Tumkur',	1,	17,	1),
(617,	'Udupi',	1,	17,	1),
(618,	'Vijayapura',	1,	17,	1),
(619,	'Wadi',	1,	17,	1),
(620,	'Yadgir',	1,	17,	1),
(621,	'Adoor',	1,	18,	1),
(622,	'Akathiyoor',	1,	18,	1),
(623,	'Alappuzha',	1,	18,	1),
(624,	'Ancharakandy',	1,	18,	1),
(625,	'Aroor',	1,	18,	1),
(626,	'Ashtamichira',	1,	18,	1),
(627,	'Attingal',	1,	18,	1),
(628,	'Avinissery',	1,	18,	1),
(629,	'Chalakudy',	1,	18,	1),
(630,	'Changanassery',	1,	18,	1),
(631,	'Chendamangalam',	1,	18,	1),
(632,	'Chengannur',	1,	18,	1),
(633,	'Cherthala',	1,	18,	1),
(634,	'Cheruthazham',	1,	18,	1),
(635,	'Chittur-Thathamangalam',	1,	18,	1),
(636,	'Chockli',	1,	18,	1),
(637,	'Erattupetta',	1,	18,	1),
(638,	'Guruvayoor',	1,	18,	1),
(639,	'Irinjalakuda',	1,	18,	1),
(640,	'Kadirur',	1,	18,	1),
(641,	'Kalliasseri',	1,	18,	1),
(642,	'Kalpetta',	1,	18,	1),
(643,	'Kanhangad',	1,	18,	1),
(644,	'Kanjikkuzhi',	1,	18,	1),
(645,	'Kannur',	1,	18,	1),
(646,	'Kasaragod',	1,	18,	1),
(647,	'Kayamkulam',	1,	18,	1),
(648,	'Kochi',	1,	18,	1),
(649,	'Kodungallur',	1,	18,	1),
(650,	'Kollam',	1,	18,	1),
(651,	'Koothuparamba',	1,	18,	1),
(652,	'Kothamangalam',	1,	18,	1),
(653,	'Kottayam',	1,	18,	1),
(654,	'Kozhikode',	1,	18,	1),
(655,	'Kunnamkulam',	1,	18,	1),
(656,	'Malappuram',	1,	18,	1),
(657,	'Mattannur',	1,	18,	1),
(658,	'Mavelikkara',	1,	18,	1),
(659,	'Mavoor',	1,	18,	1),
(660,	'Muvattupuzha',	1,	18,	1),
(661,	'Nedumangad',	1,	18,	1),
(662,	'Neyyattinkara',	1,	18,	1),
(663,	'Ottappalam',	1,	18,	1),
(664,	'Palai',	1,	18,	1),
(665,	'Palakkad',	1,	18,	1),
(666,	'Panniyannur',	1,	18,	1),
(667,	'Pappinisseri',	1,	18,	1),
(668,	'Paravoor',	1,	18,	1),
(669,	'Pathanamthitta',	1,	18,	1),
(670,	'Payyannur',	1,	18,	1),
(671,	'Peringathur',	1,	18,	1),
(672,	'Perinthalmanna',	1,	18,	1),
(673,	'Perumbavoor',	1,	18,	1),
(674,	'Ponnani',	1,	18,	1),
(675,	'Punalur',	1,	18,	1),
(676,	'Quilandy',	1,	18,	1),
(677,	'Shoranur',	1,	18,	1),
(678,	'Taliparamba',	1,	18,	1),
(679,	'Thiruvalla',	1,	18,	1),
(680,	'Thiruvananthapuram',	1,	18,	1),
(681,	'Thodupuzha',	1,	18,	1),
(682,	'Thrissur',	1,	18,	1),
(683,	'Tirur',	1,	18,	1),
(684,	'Vadakara',	1,	18,	1),
(685,	'Vaikom',	1,	18,	1),
(686,	'Varkala',	1,	18,	1),
(687,	'Kavaratti',	1,	19,	1),
(688,	'Ashok Nagar',	1,	20,	1),
(689,	'Balaghat',	1,	20,	1),
(690,	'Betul',	1,	20,	1),
(691,	'Bhopal',	1,	20,	1),
(692,	'Burhanpur',	1,	20,	1),
(693,	'Chhatarpur',	1,	20,	1),
(694,	'Dabra',	1,	20,	1),
(695,	'Datia',	1,	20,	1),
(696,	'Dewas',	1,	20,	1),
(697,	'Dhar',	1,	20,	1),
(698,	'Fatehabad',	1,	20,	1),
(699,	'Gwalior',	1,	20,	1),
(700,	'Indore',	1,	20,	1),
(701,	'Itarsi',	1,	20,	1),
(702,	'Jabalpur',	1,	20,	1),
(703,	'Katni',	1,	20,	1),
(704,	'Kotma',	1,	20,	1),
(705,	'Lahar',	1,	20,	1),
(706,	'Lundi',	1,	20,	1),
(707,	'Maharajpur',	1,	20,	1),
(708,	'Mahidpur',	1,	20,	1),
(709,	'Maihar',	1,	20,	1),
(710,	'Malajkhand',	1,	20,	1),
(711,	'Manasa',	1,	20,	1),
(712,	'Manawar',	1,	20,	1),
(713,	'Mandideep',	1,	20,	1),
(714,	'Mandla',	1,	20,	1),
(715,	'Mandsaur',	1,	20,	1),
(716,	'Mauganj',	1,	20,	1),
(717,	'Mhow Cantonment',	1,	20,	1),
(718,	'Mhowgaon',	1,	20,	1),
(719,	'Morena',	1,	20,	1),
(720,	'Multai',	1,	20,	1),
(721,	'Murwara',	1,	20,	1),
(722,	'Nagda',	1,	20,	1),
(723,	'Nainpur',	1,	20,	1),
(724,	'Narsinghgarh',	1,	20,	1),
(725,	'Neemuch',	1,	20,	1),
(726,	'Nepanagar',	1,	20,	1),
(727,	'Niwari',	1,	20,	1),
(728,	'Nowgong',	1,	20,	1),
(729,	'Nowrozabad',	1,	20,	1),
(730,	'Pachore',	1,	20,	1),
(731,	'Pali',	1,	20,	1),
(732,	'Panagar',	1,	20,	1),
(733,	'Pandhurna',	1,	20,	1),
(734,	'Panna',	1,	20,	1),
(735,	'Pasan',	1,	20,	1),
(736,	'Pipariya',	1,	20,	1),
(737,	'Pithampur',	1,	20,	1),
(738,	'Porsa',	1,	20,	1),
(739,	'Prithvipur',	1,	20,	1),
(740,	'Raghogarh-Vijaypur',	1,	20,	1),
(741,	'Rahatgarh',	1,	20,	1),
(742,	'Raisen',	1,	20,	1),
(743,	'Rajgarh',	1,	20,	1),
(744,	'Ratlam',	1,	20,	1),
(745,	'Rau',	1,	20,	1),
(746,	'Rehli',	1,	20,	1),
(747,	'Rewa',	1,	20,	1),
(748,	'Sabalgarh',	1,	20,	1),
(749,	'Sagar',	1,	20,	1),
(750,	'Sanawad',	1,	20,	1),
(751,	'Sarangpur',	1,	20,	1),
(752,	'Sarni',	1,	20,	1),
(753,	'Satna',	1,	20,	1),
(754,	'Sausar',	1,	20,	1),
(755,	'Sehore',	1,	20,	1),
(756,	'Sendhwa',	1,	20,	1),
(757,	'Seoni',	1,	20,	1),
(758,	'Seoni-Malwa',	1,	20,	1),
(759,	'Shahdol',	1,	20,	1),
(760,	'Shajapur',	1,	20,	1),
(761,	'Shamgarh',	1,	20,	1),
(762,	'Sheopur',	1,	20,	1),
(763,	'Shivpuri',	1,	20,	1),
(764,	'Shujalpur',	1,	20,	1),
(765,	'Sidhi',	1,	20,	1),
(766,	'Sihora',	1,	20,	1),
(767,	'Singrauli',	1,	20,	1),
(768,	'Sironj',	1,	20,	1),
(769,	'Sohagpur',	1,	20,	1),
(770,	'Tarana',	1,	20,	1),
(771,	'Tikamgarh',	1,	20,	1),
(772,	'Ujhani',	1,	20,	1),
(773,	'Ujjain',	1,	20,	1),
(774,	'Umaria',	1,	20,	1),
(775,	'Vidisha',	1,	20,	1),
(776,	'Wara Seoni',	1,	20,	1),
(777,	'Ahmednagar',	1,	1,	1),
(778,	'Akola',	1,	1,	1),
(779,	'Amravati',	1,	1,	1),
(780,	'Aurangabad',	1,	1,	1),
(781,	'Baramati',	1,	1,	1),
(782,	'Chalisgaon',	1,	1,	1),
(783,	'Chinchani',	1,	1,	1),
(784,	'Devgarh',	1,	1,	1),
(785,	'Dhule',	1,	1,	1),
(786,	'Dombivli',	1,	1,	1),
(787,	'Durgapur',	1,	1,	1),
(788,	'Ichalkaranji',	1,	1,	1),
(789,	'Jalna',	1,	1,	1),
(790,	'Kalyan',	1,	1,	1),
(791,	'Latur',	1,	1,	1),
(792,	'Loha',	1,	1,	1),
(793,	'Lonar',	1,	1,	1),
(794,	'Lonavla',	1,	1,	1),
(795,	'Mahad',	1,	1,	1),
(796,	'Mahuli',	1,	1,	1),
(797,	'Malegaon',	1,	1,	1),
(798,	'Malkapur',	1,	1,	1),
(799,	'Manchar',	1,	1,	1),
(800,	'Mangalvedhe',	1,	1,	1),
(801,	'Mangrulpir',	1,	1,	1),
(802,	'Manjlegaon',	1,	1,	1),
(803,	'Manmad',	1,	1,	1),
(804,	'Manwath',	1,	1,	1),
(805,	'Mehkar',	1,	1,	1),
(806,	'Mhaswad',	1,	1,	1),
(807,	'Miraj',	1,	1,	1),
(808,	'Morshi',	1,	1,	1),
(809,	'Mukhed',	1,	1,	1),
(810,	'Mul',	1,	1,	1),
(811,	'Mumbai',	1,	1,	1),
(812,	'Murtijapur',	1,	1,	1),
(813,	'Nagpur',	1,	1,	1),
(814,	'Nalasopara',	1,	1,	1),
(815,	'Nanded-Waghala',	1,	1,	1),
(816,	'Nandgaon',	1,	1,	1),
(817,	'Nandura',	1,	1,	1),
(818,	'Nandurbar',	1,	1,	1),
(819,	'Narkhed',	1,	1,	1),
(820,	'Nashik',	1,	1,	1),
(821,	'Navi Mumbai',	1,	1,	1),
(822,	'Nawapur',	1,	1,	1),
(823,	'Nilanga',	1,	1,	1),
(824,	'Osmanabad',	1,	1,	1),
(825,	'Ozar',	1,	1,	1),
(826,	'Pachora',	1,	1,	1),
(827,	'Paithan',	1,	1,	1),
(828,	'Palghar',	1,	1,	1),
(829,	'Pandharkaoda',	1,	1,	1),
(830,	'Pandharpur',	1,	1,	1),
(831,	'Panvel',	1,	1,	1),
(832,	'Parbhani',	1,	1,	1),
(833,	'Parli',	1,	1,	1),
(834,	'Parola',	1,	1,	1),
(835,	'Partur',	1,	1,	1),
(836,	'Pathardi',	1,	1,	1),
(837,	'Pathri',	1,	1,	1),
(838,	'Patur',	1,	1,	1),
(839,	'Pauni',	1,	1,	1),
(840,	'Pen',	1,	1,	1),
(841,	'Phaltan',	1,	1,	1),
(842,	'Pulgaon',	1,	1,	1),
(843,	'Pune',	1,	1,	1),
(844,	'Purna',	1,	1,	1),
(845,	'Pusad',	1,	1,	1),
(846,	'Rahuri',	1,	1,	1),
(847,	'Rajura',	1,	1,	1),
(848,	'Ramtek',	1,	1,	1),
(849,	'Ratnagiri',	1,	1,	1),
(850,	'Raver',	1,	1,	1),
(851,	'Risod',	1,	1,	1),
(852,	'Sailu',	1,	1,	1),
(853,	'Sangamner',	1,	1,	1),
(854,	'Sangli',	1,	1,	1),
(855,	'Sangole',	1,	1,	1),
(856,	'Sasvad',	1,	1,	1),
(857,	'Satana',	1,	1,	1),
(858,	'Satara',	1,	1,	1),
(859,	'Savner',	1,	1,	1),
(860,	'Sawantwadi',	1,	1,	1),
(861,	'Shahade',	1,	1,	1),
(862,	'Shegaon',	1,	1,	1),
(863,	'Shendurjana',	1,	1,	1),
(864,	'Shirdi',	1,	1,	1),
(865,	'Shirpur-Warwade',	1,	1,	1),
(866,	'Shirur',	1,	1,	1),
(867,	'Shrigonda',	1,	1,	1),
(868,	'Shrirampur',	1,	1,	1),
(869,	'Sillod',	1,	1,	1),
(870,	'Sinnar',	1,	1,	1),
(871,	'Solapur',	1,	1,	1),
(872,	'Soyagaon',	1,	1,	1),
(873,	'Talegaon Dabhade',	1,	1,	1),
(874,	'Talode',	1,	1,	1),
(875,	'Tasgaon',	1,	1,	1),
(876,	'Tirora',	1,	1,	1),
(877,	'Tuljapur',	1,	1,	1),
(878,	'Tumsar',	1,	1,	1),
(879,	'Uran',	1,	1,	1),
(880,	'Uran Islampur',	1,	1,	1),
(881,	'Wadgaon Road',	1,	1,	1),
(882,	'Wai',	1,	1,	1),
(883,	'Wani',	1,	1,	1),
(884,	'Wardha',	1,	1,	1),
(885,	'Warora',	1,	1,	1),
(886,	'Warud',	1,	1,	1),
(887,	'Washim',	1,	1,	1),
(888,	'Yevla',	1,	1,	1),
(889,	'Uchgaon',	1,	1,	1),
(890,	'Udgir',	1,	1,	1),
(891,	'Umarga',	1,	1,	1),
(892,	'Umarkhed',	1,	1,	1),
(893,	'Umred',	1,	1,	1),
(894,	'Vadgaon Kasba',	1,	1,	1),
(895,	'Vaijapur',	1,	1,	1),
(896,	'Vasai',	1,	1,	1),
(897,	'Virar',	1,	1,	1),
(898,	'Vita',	1,	1,	1),
(899,	'Yavatmal',	1,	1,	1),
(900,	'Yawal',	1,	1,	1),
(901,	'Imphal',	1,	21,	1),
(902,	'Kakching',	1,	21,	1),
(903,	'Lilong',	1,	21,	1),
(904,	'Mayang Imphal',	1,	21,	1),
(905,	'Thoubal',	1,	21,	1),
(906,	'Jowai',	1,	22,	1),
(907,	'Nongstoin',	1,	22,	1),
(908,	'Shillong',	1,	22,	1),
(909,	'Tura',	1,	22,	1),
(910,	'Aizawl',	1,	23,	1),
(911,	'Champhai',	1,	23,	1),
(912,	'Lunglei',	1,	23,	1),
(913,	'Saiha',	1,	23,	1),
(914,	'Dimapur',	1,	24,	1),
(915,	'Kohima',	1,	24,	1),
(916,	'Mokokchung',	1,	24,	1),
(917,	'Tuensang',	1,	24,	1),
(918,	'Wokha',	1,	24,	1),
(919,	'Zunheboto',	1,	24,	1),
(920,	'Anandapur',	1,	25,	1),
(921,	'Anugul',	1,	25,	1),
(922,	'Asika',	1,	25,	1),
(923,	'Balangir',	1,	25,	1),
(924,	'Balasore',	1,	25,	1),
(925,	'Baleshwar',	1,	25,	1),
(926,	'Bamra',	1,	25,	1),
(927,	'Barbil',	1,	25,	1),
(928,	'Bargarh',	1,	25,	1),
(929,	'Baripada',	1,	25,	1),
(930,	'Basudebpur',	1,	25,	1),
(931,	'Belpahar',	1,	25,	1),
(932,	'Bhadrak',	1,	25,	1),
(933,	'Bhawanipatna',	1,	25,	1),
(934,	'Bhuban',	1,	25,	1),
(935,	'Bhubaneswar',	1,	25,	1),
(936,	'Biramitrapur',	1,	25,	1),
(937,	'Brahmapur',	1,	25,	1),
(938,	'Brajrajnagar',	1,	25,	1),
(939,	'Byasanagar',	1,	25,	1),
(940,	'Cuttack',	1,	25,	1),
(941,	'Debagarh',	1,	25,	1),
(942,	'Dhenkanal',	1,	25,	1),
(943,	'Gunupur',	1,	25,	1),
(944,	'Hinjilicut',	1,	25,	1),
(945,	'Jagatsinghapur',	1,	25,	1),
(946,	'Jajapur',	1,	25,	1),
(947,	'Jaleswar',	1,	25,	1),
(948,	'Jatani',	1,	25,	1),
(949,	'Jeypur',	1,	25,	1),
(950,	'Jharsuguda',	1,	25,	1),
(951,	'Joda',	1,	25,	1),
(952,	'Kantabanji',	1,	25,	1),
(953,	'Karanjia',	1,	25,	1),
(954,	'Kendrapara',	1,	25,	1),
(955,	'Kendujhar',	1,	25,	1),
(956,	'Khordha',	1,	25,	1),
(957,	'Koraput',	1,	25,	1),
(958,	'Malkangiri',	1,	25,	1),
(959,	'Nabarangapur',	1,	25,	1),
(960,	'Paradip',	1,	25,	1),
(961,	'Parlakhemundi',	1,	25,	1),
(962,	'Pattamundai',	1,	25,	1),
(963,	'Phulabani',	1,	25,	1),
(964,	'Puri',	1,	25,	1),
(965,	'Rairangpur',	1,	25,	1),
(966,	'Rajagangapur',	1,	25,	1),
(967,	'Raurkela',	1,	25,	1),
(968,	'Rayagada',	1,	25,	1),
(969,	'Sambalpur',	1,	25,	1),
(970,	'Soro',	1,	25,	1),
(971,	'Sunabeda',	1,	25,	1),
(972,	'Sundargarh',	1,	25,	1),
(973,	'Talcher',	1,	25,	1),
(974,	'Titlagarh',	1,	25,	1),
(975,	'Umarkote',	1,	25,	1),
(976,	'Karaikal',	1,	26,	1),
(977,	'Mahe',	1,	26,	1),
(978,	'Pondicherry',	1,	26,	1),
(979,	'Yanam',	1,	26,	1),
(980,	'Ahmedgarh',	1,	27,	1),
(981,	'Amritsar',	1,	27,	1),
(982,	'Barnala',	1,	27,	1),
(983,	'Batala',	1,	27,	1),
(984,	'Bathinda',	1,	27,	1),
(985,	'Bhagha Purana',	1,	27,	1),
(986,	'Budhlada',	1,	27,	1),
(987,	'Chandigarh',	1,	27,	1),
(988,	'Dasua',	1,	27,	1),
(989,	'Dhuri',	1,	27,	1),
(990,	'Dinanagar',	1,	27,	1),
(991,	'Faridkot',	1,	27,	1),
(992,	'Fazilka',	1,	27,	1),
(993,	'Firozpur',	1,	27,	1),
(994,	'Firozpur Cantt.',	1,	27,	1),
(995,	'Giddarbaha',	1,	27,	1),
(996,	'Gobindgarh',	1,	27,	1),
(997,	'Gurdaspur',	1,	27,	1),
(998,	'Hoshiarpur',	1,	27,	1),
(999,	'Jagraon',	1,	27,	1),
(1000,	'Jaitu',	1,	27,	1),
(1001,	'Jalalabad',	1,	27,	1),
(1002,	'Jalandhar',	1,	27,	1),
(1003,	'Jalandhar Cantt.',	1,	27,	1),
(1004,	'Jandiala',	1,	27,	1),
(1005,	'Kapurthala',	1,	27,	1),
(1006,	'Karoran',	1,	27,	1),
(1007,	'Kartarpur',	1,	27,	1),
(1008,	'Khanna',	1,	27,	1),
(1009,	'Kharar',	1,	27,	1),
(1010,	'Kot Kapura',	1,	27,	1),
(1011,	'Kurali',	1,	27,	1),
(1012,	'Longowal',	1,	27,	1),
(1013,	'Ludhiana',	1,	27,	1),
(1014,	'Malerkotla',	1,	27,	1),
(1015,	'Malout',	1,	27,	1),
(1016,	'Mansa',	1,	27,	1),
(1017,	'Maur',	1,	27,	1),
(1018,	'Moga',	1,	27,	1),
(1019,	'Mohali',	1,	27,	1),
(1020,	'Morinda',	1,	27,	1),
(1021,	'Mukerian',	1,	27,	1),
(1022,	'Muktsar',	1,	27,	1),
(1023,	'Nabha',	1,	27,	1),
(1024,	'Nakodar',	1,	27,	1),
(1025,	'Nangal',	1,	27,	1),
(1026,	'Nawanshahr',	1,	27,	1),
(1027,	'Pathankot',	1,	27,	1),
(1028,	'Patiala',	1,	27,	1),
(1029,	'Patran',	1,	27,	1),
(1030,	'Patti',	1,	27,	1),
(1031,	'Phagwara',	1,	27,	1),
(1032,	'Phillaur',	1,	27,	1),
(1033,	'Qadian',	1,	27,	1),
(1034,	'Raikot',	1,	27,	1),
(1035,	'Rajpura',	1,	27,	1),
(1036,	'Rampura Phul',	1,	27,	1),
(1037,	'Rupnagar',	1,	27,	1),
(1038,	'Samana',	1,	27,	1),
(1039,	'Sangrur',	1,	27,	1),
(1040,	'Sirhind Fatehgarh Sahib',	1,	27,	1),
(1041,	'Sujanpur',	1,	27,	1),
(1042,	'Sunam',	1,	27,	1),
(1043,	'Talwara',	1,	27,	1),
(1044,	'Tarn Taran',	1,	27,	1),
(1045,	'Urmar Tanda',	1,	27,	1),
(1046,	'Zira',	1,	27,	1),
(1047,	'Zirakpur',	1,	27,	1),
(1048,	'Bali',	1,	28,	1),
(1049,	'Banswara',	1,	28,	1),
(1050,	'Ajmer',	1,	28,	1),
(1051,	'Alwar',	1,	28,	1),
(1052,	'Bandikui',	1,	28,	1),
(1053,	'Baran',	1,	28,	1),
(1054,	'Barmer',	1,	28,	1),
(1055,	'Bikaner',	1,	28,	1),
(1056,	'Fatehpur',	1,	28,	1),
(1057,	'Jaipur',	1,	28,	1),
(1058,	'Jaisalmer',	1,	28,	1),
(1059,	'Jodhpur',	1,	28,	1),
(1060,	'Kota',	1,	28,	1),
(1061,	'Lachhmangarh',	1,	28,	1),
(1062,	'Ladnu',	1,	28,	1),
(1063,	'Lakheri',	1,	28,	1),
(1064,	'Lalsot',	1,	28,	1),
(1065,	'Losal',	1,	28,	1),
(1066,	'Makrana',	1,	28,	1),
(1067,	'Malpura',	1,	28,	1),
(1068,	'Mandalgarh',	1,	28,	1),
(1069,	'Mandawa',	1,	28,	1),
(1070,	'Mangrol',	1,	28,	1),
(1071,	'Merta City',	1,	28,	1),
(1072,	'Mount Abu',	1,	28,	1),
(1073,	'Nadbai',	1,	28,	1),
(1074,	'Nagar',	1,	28,	1),
(1075,	'Nagaur',	1,	28,	1),
(1076,	'Nargund',	1,	28,	1),
(1077,	'Nasirabad',	1,	28,	1),
(1078,	'Nathdwara',	1,	28,	1),
(1079,	'Navalgund',	1,	28,	1),
(1080,	'Nawalgarh',	1,	28,	1),
(1081,	'Neem-Ka-Thana',	1,	28,	1),
(1082,	'Nelamangala',	1,	28,	1),
(1083,	'Nimbahera',	1,	28,	1),
(1084,	'Nipani',	1,	28,	1),
(1085,	'Niwai',	1,	28,	1),
(1086,	'Nohar',	1,	28,	1),
(1087,	'Nokha',	1,	28,	1),
(1088,	'Pali',	1,	28,	1),
(1089,	'Phalodi',	1,	28,	1),
(1090,	'Phulera',	1,	28,	1),
(1091,	'Pilani',	1,	28,	1),
(1092,	'Pilibanga',	1,	28,	1),
(1093,	'Pindwara',	1,	28,	1),
(1094,	'Pipar City',	1,	28,	1),
(1095,	'Prantij',	1,	28,	1),
(1096,	'Pratapgarh',	1,	28,	1),
(1097,	'Raisinghnagar',	1,	28,	1),
(1098,	'Rajakhera',	1,	28,	1),
(1099,	'Rajaldesar',	1,	28,	1),
(1100,	'Rajgarh (Alwar)',	1,	28,	1),
(1101,	'Rajgarh (Churu',	1,	28,	1),
(1102,	'Rajsamand',	1,	28,	1),
(1103,	'Ramganj Mandi',	1,	28,	1),
(1104,	'Ramngarh',	1,	28,	1),
(1105,	'Ratangarh',	1,	28,	1),
(1106,	'Rawatbhata',	1,	28,	1),
(1107,	'Rawatsar',	1,	28,	1),
(1108,	'Reengus',	1,	28,	1),
(1109,	'Sadri',	1,	28,	1),
(1110,	'Sadulshahar',	1,	28,	1),
(1111,	'Sagwara',	1,	28,	1),
(1112,	'Sambhar',	1,	28,	1),
(1113,	'Sanchore',	1,	28,	1),
(1114,	'Sangaria',	1,	28,	1),
(1115,	'Sardarshahar',	1,	28,	1),
(1116,	'Sawai Madhopur',	1,	28,	1),
(1117,	'Shahpura',	1,	28,	1),
(1118,	'Sheoganj',	1,	28,	1),
(1119,	'Sikar',	1,	28,	1),
(1120,	'Sirohi',	1,	28,	1),
(1121,	'Sojat',	1,	28,	1),
(1122,	'Sri Madhopur',	1,	28,	1),
(1123,	'Sujangarh',	1,	28,	1),
(1124,	'Sumerpur',	1,	28,	1),
(1125,	'Suratgarh',	1,	28,	1),
(1126,	'Taranagar',	1,	28,	1),
(1127,	'Todabhim',	1,	28,	1),
(1128,	'Todaraisingh',	1,	28,	1),
(1129,	'Tonk',	1,	28,	1),
(1130,	'Udaipur',	1,	28,	1),
(1131,	'Udaipurwati',	1,	28,	1),
(1132,	'Vijainagar',	1,	28,	1),
(1133,	'Gangtok',	1,	29,	1),
(1134,	'Calcutta',	1,	30,	1),
(1135,	'Arakkonam',	1,	31,	1),
(1136,	'Arcot',	1,	31,	1),
(1137,	'Aruppukkottai',	1,	31,	1),
(1138,	'Bhavani',	1,	31,	1),
(1139,	'Chengalpattu',	1,	31,	1),
(1140,	'Chennai',	1,	31,	1),
(1141,	'Chinna salem',	1,	31,	1),
(1142,	'Coimbatore',	1,	31,	1),
(1143,	'Coonoor',	1,	31,	1),
(1144,	'Cuddalore',	1,	31,	1),
(1145,	'Dharmapuri',	1,	31,	1),
(1146,	'Dindigul',	1,	31,	1),
(1147,	'Erode',	1,	31,	1),
(1148,	'Gudalur',	1,	31,	1),
(1149,	'Kanchipuram',	1,	31,	1),
(1150,	'Karaikudi',	1,	31,	1),
(1151,	'Karungal',	1,	31,	1),
(1152,	'Karur',	1,	31,	1),
(1153,	'Kollankodu',	1,	31,	1),
(1154,	'Lalgudi',	1,	31,	1),
(1155,	'Madurai',	1,	31,	1),
(1156,	'Nagapattinam',	1,	31,	1),
(1157,	'Nagercoil',	1,	31,	1),
(1158,	'Namagiripettai',	1,	31,	1),
(1159,	'Namakkal',	1,	31,	1),
(1160,	'Nandivaram-Guduvancheri',	1,	31,	1),
(1161,	'Nanjikottai',	1,	31,	1),
(1162,	'Natham',	1,	31,	1),
(1163,	'Nellikuppam',	1,	31,	1),
(1164,	'Neyveli',	1,	31,	1),
(1165,	'O\' Valley',	1,	31,	1),
(1166,	'Oddanchatram',	1,	31,	1),
(1167,	'P.N.Patti',	1,	31,	1),
(1168,	'Pacode',	1,	31,	1),
(1169,	'Padmanabhapuram',	1,	31,	1),
(1170,	'Palani',	1,	31,	1),
(1171,	'Palladam',	1,	31,	1),
(1172,	'Pallapatti',	1,	31,	1),
(1173,	'Pallikonda',	1,	31,	1),
(1174,	'Panagudi',	1,	31,	1),
(1175,	'Panruti',	1,	31,	1),
(1176,	'Paramakudi',	1,	31,	1),
(1177,	'Parangipettai',	1,	31,	1),
(1178,	'Pattukkottai',	1,	31,	1),
(1179,	'Perambalur',	1,	31,	1),
(1180,	'Peravurani',	1,	31,	1),
(1181,	'Periyakulam',	1,	31,	1),
(1182,	'Periyasemur',	1,	31,	1),
(1183,	'Pernampattu',	1,	31,	1),
(1184,	'Pollachi',	1,	31,	1),
(1185,	'Polur',	1,	31,	1),
(1186,	'Ponneri',	1,	31,	1),
(1187,	'Pudukkottai',	1,	31,	1),
(1188,	'Pudupattinam',	1,	31,	1),
(1189,	'Puliyankudi',	1,	31,	1),
(1190,	'Punjaipugalur',	1,	31,	1),
(1191,	'Rajapalayam',	1,	31,	1),
(1192,	'Ramanathapuram',	1,	31,	1),
(1193,	'Rameshwaram',	1,	31,	1),
(1194,	'Rasipuram',	1,	31,	1),
(1195,	'Salem',	1,	31,	1),
(1196,	'Sankarankoil',	1,	31,	1),
(1197,	'Sankari',	1,	31,	1),
(1198,	'Sathyamangalam',	1,	31,	1),
(1199,	'Sattur',	1,	31,	1),
(1200,	'Shenkottai',	1,	31,	1),
(1201,	'Sholavandan',	1,	31,	1),
(1202,	'Sholingur',	1,	31,	1),
(1203,	'Sirkali',	1,	31,	1),
(1204,	'Sivaganga',	1,	31,	1),
(1205,	'Sivagiri',	1,	31,	1),
(1206,	'Sivakasi',	1,	31,	1),
(1207,	'Srivilliputhur',	1,	31,	1),
(1208,	'Surandai',	1,	31,	1),
(1209,	'Suriyampalayam',	1,	31,	1),
(1210,	'Tenkasi',	1,	31,	1),
(1211,	'Thammampatti',	1,	31,	1),
(1212,	'Thanjavur',	1,	31,	1),
(1213,	'Tharamangalam',	1,	31,	1),
(1214,	'Tharangambadi',	1,	31,	1),
(1215,	'Theni Allinagaram',	1,	31,	1),
(1216,	'Thirumangalam',	1,	31,	1),
(1217,	'Thirunindravur',	1,	31,	1),
(1218,	'Thiruparappu',	1,	31,	1),
(1219,	'Thirupuvanam',	1,	31,	1),
(1220,	'Thiruthuraipoondi',	1,	31,	1),
(1221,	'Thiruvallur',	1,	31,	1),
(1222,	'Thiruvarur',	1,	31,	1),
(1223,	'Thoothukudi',	1,	31,	1),
(1224,	'Thuraiyur',	1,	31,	1),
(1225,	'Tindivanam',	1,	31,	1),
(1226,	'Tiruchendur',	1,	31,	1),
(1227,	'Tiruchengode',	1,	31,	1),
(1228,	'Tiruchirappalli',	1,	31,	1),
(1229,	'Tirukalukundram',	1,	31,	1),
(1230,	'Tirukkoyilur',	1,	31,	1),
(1231,	'Tirunelveli',	1,	31,	1),
(1232,	'Tirupathur',	1,	31,	1),
(1233,	'Tiruppur',	1,	31,	1),
(1234,	'Tiruttani',	1,	31,	1),
(1235,	'Tiruvannamalai',	1,	31,	1),
(1236,	'Tiruvethipuram',	1,	31,	1),
(1237,	'Tittakudi',	1,	31,	1),
(1238,	'Udhagamandalam',	1,	31,	1),
(1239,	'Udumalaipettai',	1,	31,	1),
(1240,	'Unnamalaikadai',	1,	31,	1),
(1241,	'Usilampatti',	1,	31,	1),
(1242,	'Uthamapalayam',	1,	31,	1),
(1243,	'Uthiramerur',	1,	31,	1),
(1244,	'Vadakkuvalliyur',	1,	31,	1),
(1245,	'Vadalur',	1,	31,	1),
(1246,	'Vadipatti',	1,	31,	1),
(1247,	'Valparai',	1,	31,	1),
(1248,	'Vandavasi',	1,	31,	1),
(1249,	'Vaniyambadi',	1,	31,	1),
(1250,	'Vedaranyam',	1,	31,	1),
(1251,	'Vellakoil',	1,	31,	1),
(1252,	'Vellore',	1,	31,	1),
(1253,	'Vikramasingapuram',	1,	31,	1),
(1254,	'Viluppuram',	1,	31,	1),
(1255,	'Virudhachalam',	1,	31,	1),
(1256,	'Virudhunagar',	1,	31,	1),
(1257,	'Viswanatham',	1,	31,	1),
(1258,	'Agartala',	1,	32,	1),
(1259,	'Badharghat',	1,	32,	1),
(1260,	'Dharmanagar',	1,	32,	1),
(1261,	'Indranagar',	1,	32,	1),
(1262,	'Jogendranagar',	1,	32,	1),
(1263,	'Kailasahar',	1,	32,	1),
(1264,	'Khowai',	1,	32,	1),
(1265,	'Pratapgarh',	1,	32,	1),
(1266,	'Udaipur',	1,	32,	1),
(1267,	'Achhnera',	1,	33,	1),
(1268,	'Adari',	1,	33,	1),
(1269,	'Agra',	1,	33,	1),
(1270,	'Aligarh',	1,	33,	1),
(1271,	'Allahabad',	1,	33,	1),
(1272,	'Amroha',	1,	33,	1),
(1273,	'Azamgarh',	1,	33,	1),
(1274,	'Bahraich',	1,	33,	1),
(1275,	'Ballia',	1,	33,	1),
(1276,	'Balrampur',	1,	33,	1),
(1277,	'Banda',	1,	33,	1),
(1278,	'Bareilly',	1,	33,	1),
(1279,	'Chandausi',	1,	33,	1),
(1280,	'Dadri',	1,	33,	1),
(1281,	'Deoria',	1,	33,	1),
(1282,	'Etawah',	1,	33,	1),
(1283,	'Fatehabad',	1,	33,	1),
(1284,	'Fatehpur',	1,	33,	1),
(1285,	'Greater Noida',	1,	33,	1),
(1286,	'Hamirpur',	1,	33,	1),
(1287,	'Hardoi',	1,	33,	1),
(1288,	'Jajmau',	1,	33,	1),
(1289,	'Jaunpur',	1,	33,	1),
(1290,	'Jhansi',	1,	33,	1),
(1291,	'Kalpi',	1,	33,	1),
(1292,	'Kanpur',	1,	33,	1),
(1293,	'Kota',	1,	33,	1),
(1294,	'Laharpur',	1,	33,	1),
(1295,	'Lakhimpur',	1,	33,	1),
(1296,	'Lal Gopalganj Nindaura',	1,	33,	1),
(1297,	'Lalganj',	1,	33,	1),
(1298,	'Lalitpur',	1,	33,	1),
(1299,	'Lar',	1,	33,	1),
(1300,	'Loni',	1,	33,	1),
(1301,	'Lucknow',	1,	33,	1),
(1302,	'Mathura',	1,	33,	1),
(1303,	'Meerut',	1,	33,	1),
(1304,	'Modinagar',	1,	33,	1),
(1305,	'Muradnagar',	1,	33,	1),
(1306,	'Nagina',	1,	33,	1),
(1307,	'Najibabad',	1,	33,	1),
(1308,	'Nakur',	1,	33,	1),
(1309,	'Nanpara',	1,	33,	1),
(1310,	'Naraura',	1,	33,	1),
(1311,	'Naugawan Sadat',	1,	33,	1),
(1312,	'Nautanwa',	1,	33,	1),
(1313,	'Nawabganj',	1,	33,	1),
(1314,	'Nehtaur',	1,	33,	1),
(1315,	'NOIDA',	1,	33,	1),
(1316,	'Noorpur',	1,	33,	1),
(1317,	'Obra',	1,	33,	1),
(1318,	'Orai',	1,	33,	1),
(1319,	'Padrauna',	1,	33,	1),
(1320,	'Palia Kalan',	1,	33,	1),
(1321,	'Parasi',	1,	33,	1),
(1322,	'Phulpur',	1,	33,	1),
(1323,	'Pihani',	1,	33,	1),
(1324,	'Pilibhit',	1,	33,	1),
(1325,	'Pilkhuwa',	1,	33,	1),
(1326,	'Powayan',	1,	33,	1),
(1327,	'Pukhrayan',	1,	33,	1),
(1328,	'Puranpur',	1,	33,	1),
(1329,	'Purquazi',	1,	33,	1),
(1330,	'Purwa',	1,	33,	1),
(1331,	'Rae Bareli',	1,	33,	1),
(1332,	'Rampur',	1,	33,	1),
(1333,	'Rampur Maniharan',	1,	33,	1),
(1334,	'Rasra',	1,	33,	1),
(1335,	'Rath',	1,	33,	1),
(1336,	'Renukoot',	1,	33,	1),
(1337,	'Reoti',	1,	33,	1),
(1338,	'Robertsganj',	1,	33,	1),
(1339,	'Rudauli',	1,	33,	1),
(1340,	'Rudrapur',	1,	33,	1),
(1341,	'Sadabad',	1,	33,	1),
(1342,	'Safipur',	1,	33,	1),
(1343,	'Saharanpur',	1,	33,	1),
(1344,	'Sahaspur',	1,	33,	1),
(1345,	'Sahaswan',	1,	33,	1),
(1346,	'Sahawar',	1,	33,	1),
(1347,	'Sahjanwa',	1,	33,	1),
(1348,	'Ghazipur',	1,	33,	1),
(1349,	'Sambhal',	1,	33,	1),
(1350,	'Samdhan',	1,	33,	1),
(1351,	'Samthar',	1,	33,	1),
(1352,	'Sandi',	1,	33,	1),
(1353,	'Sandila',	1,	33,	1),
(1354,	'Sardhana',	1,	33,	1),
(1355,	'Seohara',	1,	33,	1),
(1356,	'Shahganj',	1,	33,	1),
(1357,	'Shahjahanpur',	1,	33,	1),
(1358,	'Shamli',	1,	33,	1),
(1359,	'Shamsabad',	1,	33,	1),
(1360,	'Sherkot',	1,	33,	1),
(1361,	'Shikarpur',	1,	33,	1),
(1362,	'Bulandshahr',	1,	33,	1),
(1363,	'Shikohabad',	1,	33,	1),
(1364,	'Shishgarh',	1,	33,	1),
(1365,	'Siana',	1,	33,	1),
(1366,	'Sikanderpur',	1,	33,	1),
(1367,	'Sikandra Rao',	1,	33,	1),
(1368,	'Sikandrabad',	1,	33,	1),
(1369,	'Sirsaganj',	1,	33,	1),
(1370,	'Sirsi',	1,	33,	1),
(1371,	'Sitapur',	1,	33,	1),
(1372,	'Soron',	1,	33,	1),
(1373,	'Suar',	1,	33,	1),
(1374,	'Sultanpur',	1,	33,	1),
(1375,	'Sumerpur',	1,	33,	1),
(1376,	'Tanda',	1,	33,	1),
(1377,	'Tetri Bazar',	1,	33,	1),
(1378,	'Thakurdwara',	1,	33,	1),
(1379,	'Thana Bhawan',	1,	33,	1),
(1380,	'Tilhar',	1,	33,	1),
(1381,	'Tirwaganj',	1,	33,	1),
(1382,	'Tulsipur',	1,	33,	1),
(1383,	'Tundla',	1,	33,	1),
(1384,	'Unnao',	1,	33,	1),
(1385,	'Utraula',	1,	33,	1),
(1386,	'Varanasi',	1,	33,	1),
(1387,	'Vrindavan',	1,	33,	1),
(1388,	'Warhapur',	1,	33,	1),
(1389,	'Zaidpur',	1,	33,	1),
(1390,	'Zamania',	1,	33,	1),
(1391,	'Almora',	1,	34,	1),
(1392,	'Bazpur',	1,	34,	1),
(1393,	'Chamba',	1,	34,	1),
(1394,	'Dehradun',	1,	34,	1),
(1395,	'Haldwani',	1,	34,	1),
(1396,	'Haridwar',	1,	34,	1),
(1397,	'Jaspur',	1,	34,	1),
(1398,	'Kashipur',	1,	34,	1),
(1399,	'kichha',	1,	34,	1),
(1400,	'Kotdwara',	1,	34,	1),
(1401,	'Manglaur',	1,	34,	1),
(1402,	'Mussoorie',	1,	34,	1),
(1403,	'Nagla',	1,	34,	1),
(1404,	'Nainital',	1,	34,	1),
(1405,	'Pauri',	1,	34,	1),
(1406,	'Pithoragarh',	1,	34,	1),
(1407,	'Ramnagar',	1,	34,	1),
(1408,	'Rishikesh',	1,	34,	1),
(1409,	'Roorkee',	1,	34,	1),
(1410,	'Rudrapur',	1,	34,	1),
(1411,	'Sitarganj',	1,	34,	1),
(1412,	'Tehri',	1,	34,	1),
(1413,	'Muzaffarnagar',	1,	33,	1),
(1414,	'Adra',	1,	30,	1),
(1415,	'Alipurduar',	1,	30,	1),
(1416,	'Arambagh',	1,	30,	1),
(1417,	'Asansol',	1,	30,	1),
(1418,	'Baharampur',	1,	30,	1),
(1419,	'Bally',	1,	30,	1),
(1420,	'Balurghat',	1,	30,	1),
(1421,	'Bankura',	1,	30,	1),
(1422,	'Barakar',	1,	30,	1),
(1423,	'Barasat',	1,	30,	1),
(1424,	'Bardhaman',	1,	30,	1),
(1425,	'Bidhan Nagar',	1,	30,	1),
(1426,	'Chinsura',	1,	30,	1),
(1427,	'Contai',	1,	30,	1),
(1428,	'Cooch Behar',	1,	30,	1),
(1429,	'Darjeeling',	1,	30,	1),
(1430,	'Durgapur',	1,	30,	1),
(1431,	'Haldia',	1,	30,	1),
(1432,	'Howrah',	1,	30,	1),
(1433,	'Islampur',	1,	30,	1),
(1434,	'Jhargram',	1,	30,	1),
(1435,	'Kharagpur',	1,	30,	1),
(1436,	'Kolkata',	1,	30,	1),
(1437,	'Mainaguri',	1,	30,	1),
(1438,	'Mal',	1,	30,	1),
(1439,	'Mathabhanga',	1,	30,	1),
(1440,	'Medinipur',	1,	30,	1),
(1441,	'Memari',	1,	30,	1),
(1442,	'Monoharpur',	1,	30,	1),
(1443,	'Murshidabad',	1,	30,	1),
(1444,	'Nabadwip',	1,	30,	1),
(1445,	'Naihati',	1,	30,	1),
(1446,	'Panchla',	1,	30,	1),
(1447,	'Pandua',	1,	30,	1),
(1448,	'Paschim Punropara',	1,	30,	1),
(1449,	'Purulia',	1,	30,	1),
(1450,	'Raghunathpur',	1,	30,	1),
(1451,	'Raiganj',	1,	30,	1),
(1452,	'Rampurhat',	1,	30,	1),
(1453,	'Ranaghat',	1,	30,	1),
(1454,	'Sainthia',	1,	30,	1),
(1455,	'Santipur',	1,	30,	1),
(1456,	'Siliguri',	1,	30,	1),
(1457,	'Sonamukhi',	1,	30,	1),
(1458,	'Srirampore',	1,	30,	1),
(1459,	'Suri',	1,	30,	1),
(1460,	'Taki',	1,	30,	1),
(1461,	'Tamluk',	1,	30,	1),
(1462,	'Tarakeswar',	1,	30,	1),
(1463,	'Chikmagalur',	1,	17,	1),
(1464,	'Davanagere',	1,	17,	1),
(1465,	'Dharwad',	1,	17,	1),
(1466,	'Gadag',	1,	17,	1);

DROP TABLE IF EXISTS `contactus_messages`;
CREATE TABLE `contactus_messages` (
  `id` bigint(20) unsigned NOT NULL AUTO_INCREMENT,
  `website` varchar(255) DEFAULT NULL,
  `fname` varchar(255) NOT NULL,
  `lname` varchar(255) NOT NULL,
  `email` varchar(255) NOT NULL,
  `mobile` varchar(255) NOT NULL,
  `subject` varchar(255) NOT NULL,
  `description` longtext NOT NULL,
  `created_at` timestamp NULL DEFAULT NULL,
  `updated_at` timestamp NULL DEFAULT NULL,
  PRIMARY KEY (`id`)
) ENGINE=InnoDB DEFAULT CHARSET=utf8mb4 COLLATE=utf8mb4_unicode_ci;


DROP TABLE IF EXISTS `countries`;
CREATE TABLE `countries` (
  `id` bigint(20) unsigned NOT NULL AUTO_INCREMENT,
  `name` varchar(255) NOT NULL,
  `status` tinyint(1) NOT NULL DEFAULT 1,
  PRIMARY KEY (`id`)
) ENGINE=InnoDB DEFAULT CHARSET=utf8mb4 COLLATE=utf8mb4_unicode_ci;

INSERT INTO `countries` (`id`, `name`, `status`) VALUES
(1,	'India',	1);

DROP TABLE IF EXISTS `failed_jobs`;
CREATE TABLE `failed_jobs` (
  `id` bigint(20) unsigned NOT NULL AUTO_INCREMENT,
  `uuid` varchar(255) NOT NULL,
  `connection` text NOT NULL,
  `queue` text NOT NULL,
  `payload` longtext NOT NULL,
  `exception` longtext NOT NULL,
  `failed_at` timestamp NOT NULL DEFAULT current_timestamp(),
  PRIMARY KEY (`id`),
  UNIQUE KEY `failed_jobs_uuid_unique` (`uuid`)
) ENGINE=InnoDB DEFAULT CHARSET=utf8mb4 COLLATE=utf8mb4_unicode_ci;


DROP TABLE IF EXISTS `jobs`;
CREATE TABLE `jobs` (
  `id` bigint(20) unsigned NOT NULL AUTO_INCREMENT,
  `title` varchar(255) NOT NULL,
  `slug` varchar(255) NOT NULL,
  `company_name` varchar(255) NOT NULL,
  `category_id` bigint(20) unsigned NOT NULL,
  `user_id` bigint(20) unsigned NOT NULL,
  `type` enum('1','2','3','4','5') NOT NULL,
  `city_id` bigint(20) unsigned NOT NULL,
  `description` text NOT NULL,
  `description_ql` text DEFAULT NULL,
  `deadline` date DEFAULT NULL,
  `hiring` longtext NOT NULL,
  `monthly_salary_min` double NOT NULL DEFAULT 0,
  `monthly_salary_max` double NOT NULL DEFAULT 0,
  `status` tinyint(1) NOT NULL DEFAULT 1,
  `year_passing_from` int(11) DEFAULT NULL,
  `year_passing_to` int(11) DEFAULT NULL,
  `experience_from` int(11) DEFAULT NULL,
  `experience_to` int(11) DEFAULT NULL,
  `gender` enum('1','2','3') NOT NULL DEFAULT '3',
  `created_at` timestamp NULL DEFAULT NULL,
  `updated_at` timestamp NULL DEFAULT NULL,
  PRIMARY KEY (`id`),
  KEY `jobs_category_id_foreign` (`category_id`),
  KEY `jobs_user_id_foreign` (`user_id`),
  KEY `jobs_city_id_foreign` (`city_id`),
  CONSTRAINT `jobs_category_id_foreign` FOREIGN KEY (`category_id`) REFERENCES `categories` (`id`) ON DELETE CASCADE,
  CONSTRAINT `jobs_city_id_foreign` FOREIGN KEY (`city_id`) REFERENCES `cities` (`id`) ON DELETE CASCADE,
  CONSTRAINT `jobs_user_id_foreign` FOREIGN KEY (`user_id`) REFERENCES `users` (`id`) ON DELETE CASCADE
) ENGINE=InnoDB DEFAULT CHARSET=utf8mb4 COLLATE=utf8mb4_unicode_ci;

INSERT INTO `jobs` (`id`, `title`, `slug`, `company_name`, `category_id`, `user_id`, `type`, `city_id`, `description`, `description_ql`, `deadline`, `hiring`, `monthly_salary_min`, `monthly_salary_max`, `status`, `year_passing_from`, `year_passing_to`, `experience_from`, `experience_to`, `gender`, `created_at`, `updated_at`) VALUES
(3,	'National Optimization Agent',	'national-optimization-agent-jerde-group',	'Jerde Group',	14,	1,	'5',	996,	'Fugiat quasi minus nemo soluta quas.Fugiat quasi minus nemo soluta quas.Fugiat quasi minus nemo soluta quas.Fugiat quasi minus nemo soluta quas.Fugiat quasi minus nemo soluta quas.Fugiat quasi minus nemo soluta quas.Fugiat quasi minus nemo soluta quas.Fugiat quasi minus nemo soluta quas.Fugiat quasi minus nemo soluta quas.Fugiat quasi minus nemo soluta quas.Fugiat quasi minus nemo soluta quas.Fugiat quasi minus nemo soluta quas.Fugiat quasi minus nemo soluta quas.Fugiat quasi minus nemo soluta quas.Fugiat quasi minus nemo soluta quas.Fugiat quasi minus nemo soluta quas.Fugiat quasi minus nemo soluta quas.Fugiat quasi minus nemo soluta quas.Fugiat quasi minus nemo soluta quas.Fugiat quasi minus nemo soluta quas.Fugiat quasi minus nemo soluta quas.Fugiat quasi minus nemo soluta quas.Fugiat quasi minus nemo soluta quas.Fugiat quasi minus nemo soluta quas.Fugiat quasi minus nemo soluta quas.Fugiat quasi minus nemo soluta quas.Fugiat quasi minus nemo soluta quas.Fugiat quasi minus nemo soluta quas.Fugiat quasi minus nemo soluta quas.Fugiat quasi minus nemo soluta quas.Fugiat quasi minus nemo soluta quas.Fugiat quasi minus nemo soluta quas.Fugiat quasi minus nemo soluta quas.',	NULL,	'2024-09-06',	'[\"3\",\"4\",\"5\"]',	1331,	1542,	1,	2020,	2017,	6,	24,	'2',	'2024-02-19 02:00:42',	'2024-02-19 02:01:43'),
(4,	'Forward Communications Liaison',	'forward-communications-liaison-morar-inc',	'Morar Inc',	1,	1,	'5',	606,	'Minima odit veritatis repellendus dolores sequi esse recusandae.Minima odit veritatis repellendus dolores sequi esse recusandae.Minima odit veritatis repellendus dolores sequi esse recusandae.Minima odit veritatis repellendus dolores sequi esse recusandae.Minima odit veritatis repellendus dolores sequi esse recusandae.Minima odit veritatis repellendus dolores sequi esse recusandae.Minima odit veritatis repellendus dolores sequi esse recusandae.Minima odit veritatis repellendus dolores sequi esse recusandae.Minima odit veritatis repellendus dolores sequi esse recusandae.Minima odit veritatis repellendus dolores sequi esse recusandae.Minima odit veritatis repellendus dolores sequi esse recusandae.Minima odit veritatis repellendus dolores sequi esse recusandae.Minima odit veritatis repellendus dolores sequi esse recusandae.Minima odit veritatis repellendus dolores sequi esse recusandae.Minima odit veritatis repellendus dolores sequi esse recusandae.Minima odit veritatis repellendus dolores sequi esse recusandae.Minima odit veritatis repellendus dolores sequi esse recusandae.Minima odit veritatis repellendus dolores sequi esse recusandae.',	NULL,	'2023-05-17',	'[\"1\",\"4\",\"5\"]',	5000,	10000,	1,	2016,	2019,	50,	6,	'2',	'2024-02-19 02:02:54',	'2024-02-19 02:13:24');

DROP TABLE IF EXISTS `job_qualification`;
CREATE TABLE `job_qualification` (
  `job_id` bigint(20) unsigned NOT NULL,
  `qualification_id` bigint(20) unsigned NOT NULL,
  KEY `job_qualification_job_id_foreign` (`job_id`),
  KEY `job_qualification_qualification_id_foreign` (`qualification_id`),
  CONSTRAINT `job_qualification_job_id_foreign` FOREIGN KEY (`job_id`) REFERENCES `jobs` (`id`) ON DELETE CASCADE,
  CONSTRAINT `job_qualification_qualification_id_foreign` FOREIGN KEY (`qualification_id`) REFERENCES `qualifications` (`id`) ON DELETE CASCADE
) ENGINE=InnoDB DEFAULT CHARSET=utf8mb4 COLLATE=utf8mb4_unicode_ci;

INSERT INTO `job_qualification` (`job_id`, `qualification_id`) VALUES
(3,	3),
(3,	4),
(3,	5),
(3,	6),
(3,	9),
(3,	10),
(3,	12),
(3,	15),
(3,	22),
(3,	24),
(3,	25),
(3,	28),
(3,	31),
(3,	34),
(3,	37),
(3,	38),
(3,	39),
(3,	40),
(3,	41),
(4,	1),
(4,	5),
(4,	7),
(4,	9),
(4,	11),
(4,	12),
(4,	14),
(4,	21),
(4,	22),
(4,	25),
(4,	30),
(4,	31),
(4,	32),
(4,	34),
(4,	37),
(4,	40),
(4,	41),
(4,	42);

DROP TABLE IF EXISTS `job_skill`;
CREATE TABLE `job_skill` (
  `job_id` bigint(20) unsigned NOT NULL,
  `skill_id` bigint(20) unsigned NOT NULL,
  KEY `job_skill_job_id_foreign` (`job_id`),
  KEY `job_skill_skill_id_foreign` (`skill_id`),
  CONSTRAINT `job_skill_job_id_foreign` FOREIGN KEY (`job_id`) REFERENCES `jobs` (`id`) ON DELETE CASCADE,
  CONSTRAINT `job_skill_skill_id_foreign` FOREIGN KEY (`skill_id`) REFERENCES `skills` (`id`) ON DELETE CASCADE
) ENGINE=InnoDB DEFAULT CHARSET=utf8mb4 COLLATE=utf8mb4_unicode_ci;

INSERT INTO `job_skill` (`job_id`, `skill_id`) VALUES
(3,	5),
(4,	5);

DROP TABLE IF EXISTS `migrations`;
CREATE TABLE `migrations` (
  `id` int(10) unsigned NOT NULL AUTO_INCREMENT,
  `migration` varchar(255) NOT NULL,
  `batch` int(11) NOT NULL,
  PRIMARY KEY (`id`)
) ENGINE=InnoDB DEFAULT CHARSET=utf8mb4 COLLATE=utf8mb4_unicode_ci;


DROP TABLE IF EXISTS `password_resets`;
CREATE TABLE `password_resets` (
  `email` varchar(255) NOT NULL,
  `token` varchar(255) NOT NULL,
  `created_at` timestamp NULL DEFAULT NULL,
  KEY `password_resets_email_index` (`email`)
) ENGINE=InnoDB DEFAULT CHARSET=utf8mb4 COLLATE=utf8mb4_unicode_ci;


DROP TABLE IF EXISTS `permissions`;
CREATE TABLE `permissions` (
  `id` bigint(20) unsigned NOT NULL AUTO_INCREMENT,
  `name` varchar(255) NOT NULL,
  `display_name` varchar(255) DEFAULT NULL,
  `description` varchar(255) DEFAULT NULL,
  `created_at` timestamp NULL DEFAULT NULL,
  `updated_at` timestamp NULL DEFAULT NULL,
  PRIMARY KEY (`id`),
  UNIQUE KEY `permissions_name_unique` (`name`)
) ENGINE=InnoDB DEFAULT CHARSET=utf8mb4 COLLATE=utf8mb4_unicode_ci;

INSERT INTO `permissions` (`id`, `name`, `display_name`, `description`, `created_at`, `updated_at`) VALUES
(1,	'users-create',	'Create Users',	'Create Users',	'2024-02-13 02:14:11',	'2024-02-13 02:14:11'),
(2,	'users-read',	'Read Users',	'Read Users',	'2024-02-13 02:14:11',	'2024-02-13 02:14:11'),
(3,	'users-update',	'Update Users',	'Update Users',	'2024-02-13 02:14:12',	'2024-02-13 02:14:12'),
(4,	'users-delete',	'Delete Users',	'Delete Users',	'2024-02-13 02:14:12',	'2024-02-13 02:14:12'),
(5,	'payments-create',	'Create Payments',	'Create Payments',	'2024-02-13 02:14:12',	'2024-02-13 02:14:12'),
(6,	'payments-read',	'Read Payments',	'Read Payments',	'2024-02-13 02:14:12',	'2024-02-13 02:14:12'),
(7,	'payments-update',	'Update Payments',	'Update Payments',	'2024-02-13 02:14:12',	'2024-02-13 02:14:12'),
(8,	'payments-delete',	'Delete Payments',	'Delete Payments',	'2024-02-13 02:14:12',	'2024-02-13 02:14:12'),
(9,	'profile-read',	'Read Profile',	'Read Profile',	'2024-02-13 02:14:12',	'2024-02-13 02:14:12'),
(10,	'profile-update',	'Update Profile',	'Update Profile',	'2024-02-13 02:14:12',	'2024-02-13 02:14:12');

DROP TABLE IF EXISTS `permission_role`;
CREATE TABLE `permission_role` (
  `permission_id` bigint(20) unsigned NOT NULL,
  `role_id` bigint(20) unsigned NOT NULL,
  PRIMARY KEY (`permission_id`,`role_id`),
  KEY `permission_role_role_id_foreign` (`role_id`),
  CONSTRAINT `permission_role_permission_id_foreign` FOREIGN KEY (`permission_id`) REFERENCES `permissions` (`id`) ON DELETE CASCADE ON UPDATE CASCADE,
  CONSTRAINT `permission_role_role_id_foreign` FOREIGN KEY (`role_id`) REFERENCES `roles` (`id`) ON DELETE CASCADE ON UPDATE CASCADE
) ENGINE=InnoDB DEFAULT CHARSET=utf8mb4 COLLATE=utf8mb4_unicode_ci;

INSERT INTO `permission_role` (`permission_id`, `role_id`) VALUES
(1,	1),
(1,	2),
(2,	1),
(2,	2),
(3,	1),
(3,	2),
(4,	1),
(4,	2),
(5,	1),
(6,	1),
(7,	1),
(8,	1),
(9,	1),
(9,	2),
(9,	3),
(10,	1),
(10,	2),
(10,	3);

DROP TABLE IF EXISTS `permission_user`;
CREATE TABLE `permission_user` (
  `permission_id` bigint(20) unsigned NOT NULL,
  `user_id` bigint(20) unsigned NOT NULL,
  `user_type` varchar(255) NOT NULL,
  PRIMARY KEY (`user_id`,`permission_id`,`user_type`),
  KEY `permission_user_permission_id_foreign` (`permission_id`),
  CONSTRAINT `permission_user_permission_id_foreign` FOREIGN KEY (`permission_id`) REFERENCES `permissions` (`id`) ON DELETE CASCADE ON UPDATE CASCADE
) ENGINE=InnoDB DEFAULT CHARSET=utf8mb4 COLLATE=utf8mb4_unicode_ci;


DROP TABLE IF EXISTS `profiles`;
CREATE TABLE `profiles` (
  `id` bigint(20) unsigned NOT NULL AUTO_INCREMENT,
  `user_id` bigint(20) unsigned NOT NULL,
  `jobrole` varchar(255) DEFAULT NULL,
  `phone` varchar(255) DEFAULT NULL,
  `image` varchar(255) NOT NULL DEFAULT 'avatar.jpg',
  `cv` varchar(255) DEFAULT NULL,
  `education` varchar(255) DEFAULT NULL,
  `location` longtext DEFAULT NULL,
  `skills` longtext DEFAULT NULL,
  `job_type` enum('1','2','3','4','5') NOT NULL DEFAULT '1',
  `about` text DEFAULT NULL,
  `experience` int(11) NOT NULL DEFAULT 0,
  `created_at` timestamp NULL DEFAULT NULL,
  `updated_at` timestamp NULL DEFAULT NULL,
  PRIMARY KEY (`id`),
  KEY `profiles_user_id_foreign` (`user_id`),
  CONSTRAINT `profiles_user_id_foreign` FOREIGN KEY (`user_id`) REFERENCES `users` (`id`) ON DELETE CASCADE
) ENGINE=InnoDB DEFAULT CHARSET=utf8mb4 COLLATE=utf8mb4_unicode_ci;

INSERT INTO `profiles` (`id`, `user_id`, `jobrole`, `phone`, `image`, `cv`, `education`, `location`, `skills`, `job_type`, `about`, `experience`, `created_at`, `updated_at`) VALUES
(1,	4,	NULL,	'3041602002',	'avatar.jpg',	'2024-02-13-65cb18fc14fb9.pdf',	NULL,	NULL,	NULL,	'1',	NULL,	0,	'2024-02-13 02:22:57',	'2024-02-13 02:23:40');

DROP TABLE IF EXISTS `qualifications`;
CREATE TABLE `qualifications` (
  `id` bigint(20) unsigned NOT NULL AUTO_INCREMENT,
  `name` varchar(255) NOT NULL,
  PRIMARY KEY (`id`)
) ENGINE=InnoDB DEFAULT CHARSET=utf8mb4 COLLATE=utf8mb4_unicode_ci;

INSERT INTO `qualifications` (`id`, `name`) VALUES
(1,	'B.Arch'),
(2,	'B.Com'),
(3,	'B.Pharm'),
(4,	'BA'),
(5,	'BBA/BBM'),
(6,	'BCA'),
(7,	'BDS'),
(8,	'BE/B.Tech'),
(9,	'BEd'),
(10,	'BHM'),
(11,	'BHMS'),
(12,	'BSc'),
(13,	'BVSc'),
(14,	'CA'),
(15,	'Certificate Course (ITI)'),
(16,	'CS'),
(17,	'Diploma'),
(18,	'ICWA'),
(19,	'LLB'),
(20,	'LLM'),
(21,	'M.Arch'),
(22,	'M.Com'),
(23,	'M.Pharm'),
(24,	'MA'),
(25,	'MBA/PGDM'),
(26,	'MBBS'),
(27,	'MCA'),
(28,	'MD'),
(29,	'MDS'),
(30,	'ME/M.Tech'),
(31,	'MEd'),
(32,	'MHM'),
(33,	'Mphil/PhD'),
(34,	'MS'),
(35,	'MSc'),
(36,	'MSW'),
(37,	'PG Diploma'),
(38,	'10th Pass'),
(39,	'12th Pass'),
(40,	'No Education / Schooling Jobs'),
(41,	'Upto 9th Std'),
(42,	'Vocational Training Jobs');

DROP TABLE IF EXISTS `roles`;
CREATE TABLE `roles` (
  `id` bigint(20) unsigned NOT NULL AUTO_INCREMENT,
  `name` varchar(255) NOT NULL,
  `display_name` varchar(255) DEFAULT NULL,
  `description` varchar(255) DEFAULT NULL,
  `created_at` timestamp NULL DEFAULT NULL,
  `updated_at` timestamp NULL DEFAULT NULL,
  PRIMARY KEY (`id`),
  UNIQUE KEY `roles_name_unique` (`name`)
) ENGINE=InnoDB DEFAULT CHARSET=utf8mb4 COLLATE=utf8mb4_unicode_ci;

INSERT INTO `roles` (`id`, `name`, `display_name`, `description`, `created_at`, `updated_at`) VALUES
(1,	'superadmin',	'Superadmin',	'Superadmin',	'2024-02-13 02:14:11',	'2024-02-13 02:14:11'),
(2,	'admin',	'Admin',	'Admin',	'2024-02-13 02:14:12',	'2024-02-13 02:14:12'),
(3,	'user',	'User',	'User',	'2024-02-13 02:14:13',	'2024-02-13 02:14:13');

DROP TABLE IF EXISTS `role_user`;
CREATE TABLE `role_user` (
  `role_id` bigint(20) unsigned NOT NULL,
  `user_id` bigint(20) unsigned NOT NULL,
  `user_type` varchar(255) NOT NULL,
  PRIMARY KEY (`user_id`,`role_id`,`user_type`),
  KEY `role_user_role_id_foreign` (`role_id`),
  CONSTRAINT `role_user_role_id_foreign` FOREIGN KEY (`role_id`) REFERENCES `roles` (`id`) ON DELETE CASCADE ON UPDATE CASCADE
) ENGINE=InnoDB DEFAULT CHARSET=utf8mb4 COLLATE=utf8mb4_unicode_ci;

INSERT INTO `role_user` (`role_id`, `user_id`, `user_type`) VALUES
(1,	1,	'App\\Models\\User'),
(2,	2,	'App\\Models\\User'),
(3,	3,	'App\\Models\\User'),
(3,	4,	'App\\Models\\User');

DROP TABLE IF EXISTS `skills`;
CREATE TABLE `skills` (
  `id` bigint(20) unsigned NOT NULL AUTO_INCREMENT,
  `name` varchar(255) NOT NULL,
  `slug` varchar(255) NOT NULL,
  `created_at` timestamp NULL DEFAULT NULL,
  `updated_at` timestamp NULL DEFAULT NULL,
  `description` text DEFAULT NULL,
  PRIMARY KEY (`id`)
) ENGINE=InnoDB DEFAULT CHARSET=utf8mb4 COLLATE=utf8mb4_unicode_ci;

INSERT INTO `skills` (`id`, `name`, `slug`, `created_at`, `updated_at`, `description`) VALUES
(1,	'MBA',	'mba',	'2024-02-13 02:19:13',	'2024-02-17 02:01:09',	'sadasd'),
(5,	'LAW Two',	'law-two',	'2024-02-17 01:56:54',	'2024-02-17 02:02:03',	NULL);

DROP TABLE IF EXISTS `states`;
CREATE TABLE `states` (
  `id` bigint(20) unsigned NOT NULL AUTO_INCREMENT,
  `name` varchar(255) NOT NULL,
  `country_id` bigint(20) unsigned NOT NULL,
  `status` tinyint(1) NOT NULL DEFAULT 1,
  PRIMARY KEY (`id`),
  KEY `states_country_id_foreign` (`country_id`),
  CONSTRAINT `states_country_id_foreign` FOREIGN KEY (`country_id`) REFERENCES `countries` (`id`) ON DELETE CASCADE
) ENGINE=InnoDB DEFAULT CHARSET=utf8mb4 COLLATE=utf8mb4_unicode_ci;

INSERT INTO `states` (`id`, `name`, `country_id`, `status`) VALUES
(1,	'Maharashtra',	1,	1),
(2,	'Andaman & Nicobar Islands',	1,	1),
(3,	'Andhra Pradesh',	1,	1),
(4,	'Arunachal Pradesh',	1,	1),
(5,	'Assam',	1,	1),
(6,	'Bihar',	1,	1),
(7,	'Chhattisgarh',	1,	1),
(8,	'Dadra & Nagar Haveli',	1,	1),
(9,	'Daman & Diu',	1,	1),
(10,	'Delhi',	1,	1),
(11,	'Goa',	1,	1),
(12,	'Gujarat',	1,	1),
(13,	'Haryana',	1,	1),
(14,	'Himachal Pradesh',	1,	1),
(15,	'Jammu & Kashmir',	1,	1),
(16,	'Jharkhand',	1,	1),
(17,	'Karnataka',	1,	1),
(18,	'Kerala',	1,	1),
(19,	'Lakshadweep',	1,	1),
(20,	'Madhya Pradesh',	1,	1),
(21,	'Manipur',	1,	1),
(22,	'Meghalaya',	1,	1),
(23,	'Mizoram',	1,	1),
(24,	'Nagaland',	1,	1),
(25,	'Orissa',	1,	1),
(26,	'Pondicherry',	1,	1),
(27,	'Punjab',	1,	1),
(28,	'Rajasthan',	1,	1),
(29,	'Sikkim',	1,	1),
(30,	'West Bengal',	1,	1),
(31,	'Tamil Nadu',	1,	1),
(32,	'Tripura',	1,	1),
(33,	'Uttar Pradesh',	1,	1),
(34,	'Uttarakhand',	1,	1);

DROP TABLE IF EXISTS `users`;
CREATE TABLE `users` (
  `id` bigint(20) unsigned NOT NULL AUTO_INCREMENT,
  `name` varchar(255) NOT NULL,
  `email` varchar(255) NOT NULL,
  `email_verified_at` timestamp NULL DEFAULT NULL,
  `password` varchar(255) NOT NULL,
  `remember_token` varchar(100) DEFAULT NULL,
  `created_at` timestamp NULL DEFAULT NULL,
  `updated_at` timestamp NULL DEFAULT NULL,
  PRIMARY KEY (`id`),
  UNIQUE KEY `users_email_unique` (`email`)
) ENGINE=InnoDB DEFAULT CHARSET=utf8mb4 COLLATE=utf8mb4_unicode_ci;

INSERT INTO `users` (`id`, `name`, `email`, `email_verified_at`, `password`, `remember_token`, `created_at`, `updated_at`) VALUES
(1,	'Super Administrator',	'super@gmail.com',	NULL,	'$2y$10$igzb4O15S7hYAgnQj6ls0uXYJHOvzjlXr2BxOU.l6zA9cYvYi5gS.',	NULL,	'2024-02-13 02:14:10',	NULL),
(2,	'Administrator',	'admin@gmail.com',	NULL,	'$2y$10$XawpDa2eCvs3uap7inLuSuS/YO/nS.0GIpaEtbzcJ.z9qqEZOOc/6',	NULL,	'2024-02-13 02:14:10',	NULL),
(3,	'Test User',	'user@gmail.com',	NULL,	'$2y$10$vZkj5nXX8HLrcnmbcob/G.2wxBCgwgHWSH2aFYsroW4L2nVeV6kG.',	NULL,	'2024-02-13 02:14:10',	NULL),
(4,	'Issac McKenzie',	'your.email+fakedata71706@gmail.com',	NULL,	'$2y$10$D.Am3kbx.6yM9dv.2Q2lc.9BmJkHxrlI.oYY7XROCMvz2YzLfT8Bq',	NULL,	'2024-02-13 02:22:57',	'2024-02-13 02:22:57');

-- 2024-02-19 07:28:46
